Time,Concentration_Mean,Concentration_SEM,Mind_Wandering_Mean,Mind_Wandering_SEM,Difference_Mean,Difference_SEM,t_value,p_value
-90.0,,,,,,,,
-89.96870653685674,,,,,,,,
-89.93741307371349,,,,,,,,
-89.90611961057023,,,,,,,,
-89.87482614742699,,,,,,,,
-89.84353268428373,,,,,,,,
-89.81223922114047,,,,,,,,
-89.78094575799722,,,,,,,,
-89.74965229485396,,,,,,,,
-89.7183588317107,,,,,,,,
-89.68706536856746,,,,,,,,
-89.6557719054242,,,,,,,,
-89.62447844228095,,,,,,,,
-89.59318497913769,,,,,,,,
-89.56189151599443,,,,,,,,
-89.53059805285118,,,,,,,,
-89.49930458970793,,,,,,,,
-89.46801112656468,,,,,,,,
-89.43671766342142,,,,,,,,
-89.40542420027816,,,,,,,,
-89.3741307371349,,,,,,,,
-89.34283727399165,,,,,,,,
-89.3115438108484,,,,,,,,
-89.28025034770515,,,,,,,,
-89.24895688456189,,,,,,,,
-89.21766342141864,,,,,,,,
-89.18636995827538,,,,,,,,
-89.15507649513212,,,,,,,,
-89.12378303198888,,,,,,,,
-89.09248956884562,,,,,,,,
-89.06119610570236,,,,,,,,
-89.02990264255911,,,,,,,,
-88.99860917941585,,,,,,,,
-88.9673157162726,,,,,,,,
-88.93602225312935,,,,,,,,
-88.9047287899861,,,,,,,,
-88.87343532684284,,,,,,,,
-88.84214186369958,,,,,,,,
-88.81084840055632,,,,,,,,
-88.77955493741307,,,,,,,,
-88.74826147426982,,,,,,,,
-88.71696801112657,,,,,,,,
-88.68567454798331,,,,,,,,
-88.65438108484005,,,,,,,,
-88.6230876216968,,,,,,,,
-88.59179415855354,,,,,,,,
-88.5605006954103,,,,,,,,
-88.52920723226704,,,,,,,,
-88.49791376912378,,,,,,,,
-88.46662030598053,,,,,,,,
-88.43532684283727,,,,,,,,
-88.40403337969401,,,,,,,,
-88.37273991655077,,,,,,,,
-88.34144645340751,,,,,,,,
-88.31015299026426,,,,,,,,
-88.278859527121,,,,,,,,
-88.24756606397774,,,,,,,,
-88.21627260083449,,,,,,,,
-88.18497913769124,,,,,,,,
-88.15368567454799,,,,,,,,
-88.12239221140473,,,,,,,,
-88.09109874826147,,,,,,,,
-88.05980528511822,,,,,,,,
-88.02851182197496,,,,,,,,
-87.99721835883172,,,,,,,,
-87.96592489568846,,,,,,,,
-87.9346314325452,,,,,,,,
-87.90333796940195,,,,,,,,
-87.87204450625869,,,,,,,,
-87.84075104311543,,,,,,,,
-87.80945757997219,,,,,,,,
-87.77816411682893,,,,,,,,
-87.74687065368568,,,,,,,,
-87.71557719054242,,,,,,,,
-87.68428372739916,,,,,,,,
-87.6529902642559,,,,,,,,
-87.62169680111266,,,,,,,,
-87.5904033379694,,,,,,,,
-87.55910987482615,,,,,,,,
-87.52781641168289,,,,,,,,
-87.49652294853963,,,,,,,,
-87.46522948539638,,,,,,,,
-87.43393602225314,,,,,,,,
-87.40264255910988,,,,,,,,
-87.37134909596662,,,,,,,,
-87.34005563282336,,,,,,,,
-87.30876216968011,,,,,,,,
-87.27746870653685,,,,,,,,
-87.24617524339361,,,,,,,,
-87.21488178025035,,,,,,,,
-87.1835883171071,,,,,,,,
-87.15229485396384,,,,,,,,
-87.12100139082058,,,,,,,,
-87.08970792767732,,,,,,,,
-87.05841446453408,,,,,,,,
-87.02712100139082,,,,,,,,
-86.99582753824757,,,,,,,,
-86.96453407510431,,,,,,,,
-86.93324061196105,,,,,,,,
-86.9019471488178,,,,,,,,
-86.87065368567455,,,,,,,,
-86.8393602225313,,,,,,,,
-86.80806675938804,,,,,,,,
-86.77677329624478,,,,,,,,
-86.74547983310153,,,,,,,,
-86.71418636995827,,,,,,,,
-86.68289290681503,,,,,,,,
-86.65159944367177,,,,,,,,
-86.62030598052851,,,,,,,,
-86.58901251738526,,,,,,,,
-86.557719054242,,,,,,,,
-86.52642559109874,,,,,,,,
-86.4951321279555,,,,,,,,
-86.46383866481224,,,,,,,,
-86.43254520166899,,,,,,,,
-86.40125173852573,,,,,,,,
-86.36995827538247,,,,,,,,
-86.33866481223922,,,,,,,,
-86.30737134909597,,,,,,,,
-86.27607788595272,,,,,,,,
-86.24478442280946,,,,,,,,
-86.2134909596662,,,,,,,,
-86.18219749652295,,,-0.008562458934199943,0.006350269203386744,,,,
-86.15090403337969,,,,,,,,
-86.11961057023645,,,,,,,,
-86.08831710709319,,,,,,,,
-86.05702364394993,,,,,,,,
-86.02573018080668,,,,,,,,
-85.99443671766342,,,,,,,,
-85.96314325452016,,,,,,,,
-85.93184979137692,,,,,,,,
-85.90055632823366,,,,,,,,
-85.8692628650904,,,,,,,,
-85.83796940194715,,,,,,,,
-85.80667593880389,,,,,,,,
-85.77538247566063,,,,,,,,
-85.74408901251738,,,,,,,,
-85.71279554937414,,,,,,,,
-85.68150208623088,,,,,,,,
-85.65020862308762,,,,,,,,
-85.61891515994436,,,,,,,,
-85.58762169680111,,,,,,,,
-85.55632823365787,,,,,,,,
-85.52503477051461,,,,,,,,
-85.49374130737135,,,,,,,,
-85.4624478442281,,,,,,,,
-85.43115438108484,,,,,,,,
-85.39986091794158,,,,,,,,
-85.36856745479832,,,,,,,,
-85.33727399165508,,,,,,,,
-85.30598052851182,,,,,,,,
-85.27468706536857,,,,,,,,
-85.24339360222531,,,,,,,,
-85.21210013908205,,,,,,,,
-85.18080667593881,,,,,,,,
-85.14951321279555,,,,,,,,
-85.1182197496523,,,,,,,,
-85.08692628650904,,,,,,,,
-85.05563282336578,,,,,,,,
-85.02433936022253,,,,,,,,
-84.99304589707927,,,,,,,,
-84.96175243393603,,,,,,,,
-84.93045897079277,,,,,,,,
-84.89916550764951,,,,,,,,
-84.86787204450626,,,,,,,,
-84.836578581363,,,,,,,,
-84.80528511821976,,,,,,,,
-84.7739916550765,,,,,,,,
-84.74269819193324,,,,,,,,
-84.71140472878999,,,,,,,,
-84.68011126564673,,,,,,,,
-84.64881780250347,,,,,,,,
-84.61752433936022,,,,,,,,
-84.58623087621697,,,,,,,,
-84.55493741307372,,,,,,,,
-84.52364394993046,,,,,,,,
-84.4923504867872,,,,,,,,
-84.46105702364395,,,,,,,,
-84.42976356050069,,,,,,,,
-84.39847009735745,,,,,,,,
-84.36717663421419,,,,,,,,
-84.33588317107093,,,,,,,,
-84.30458970792768,,,,,,,,
-84.27329624478442,,,,,,,,
-84.24200278164116,,,,,,,,
-84.21070931849792,,,,,,,,
-84.17941585535466,,,,,,,,
-84.1481223922114,,,,,,,,
-84.11682892906815,,,,,,,,
-84.08553546592489,,,,,,,,
-84.05424200278163,,,,,,,,
-84.02294853963839,,,,,,,,
-83.99165507649514,,,,,,,,
-83.96036161335188,,,,,,,,
-83.92906815020862,,,,,,,,
-83.89777468706536,,,,,,,,
-83.86648122392211,,,,,,,,
-83.83518776077887,,,,,,,,
-83.80389429763561,,,,,,,,
-83.77260083449235,,,,,,,,
-83.7413073713491,,,,,,,,
-83.71001390820584,,,,,,,,
-83.67872044506258,,,,,,,,
-83.64742698191934,,,,,,,,
-83.61613351877608,,,,,,,,
-83.58484005563282,,,,,,,,
-83.55354659248957,,,,,,,,
-83.52225312934631,,,,,,,,
-83.49095966620305,,,,,,,,
-83.45966620305981,,,,,,,,
-83.42837273991655,,,,,,,,
-83.3970792767733,,,,,,,,
-83.36578581363004,,,,,,,,
-83.33449235048678,,,,,,,,
-83.30319888734353,,,,,,,,
-83.27190542420028,,,,,,,,
-83.24061196105703,,,,,,,,
-83.20931849791377,,,,,,,,
-83.17802503477051,,,,,,,,
-83.14673157162726,,,,,,,,
-83.115438108484,,,,,,,,
-83.08414464534076,-0.010156517672097604,0.007491912360579553,,,,,,
-83.0528511821975,,,,,,,,
-83.02155771905424,,,,,,,,
-82.99026425591099,,,,,,,,
-82.95897079276773,,,,,,,,
-82.92767732962447,,,,,,,,
-82.89638386648123,,,,,,,,
-82.86509040333797,,,,,,,,
-82.83379694019472,,,,,,,,
-82.80250347705146,,,,,,,,
-82.7712100139082,,,,,,,,
-82.73991655076495,,,,,,,,
-82.7086230876217,,,,,,,,
-82.67732962447845,,,,,,,,
-82.64603616133519,,,,,,,,
-82.61474269819193,,,,,,,,
-82.58344923504868,,,,,,,,
-82.55215577190542,,,,,,,,
-82.52086230876218,,,,,,,,
-82.48956884561892,,,,,,,,
-82.45827538247566,,,,,,,,
-82.4269819193324,,,,,,,,
-82.39568845618915,,,,,,,,
-82.36439499304589,,,,,,,,
-82.33310152990265,,,,,,,,
-82.30180806675939,,,,,,,,
-82.27051460361614,,,,,,,,
-82.23922114047288,,,,,,,,
-82.20792767732962,,,,,,,,
-82.17663421418636,,,,,,,,
-82.14534075104312,,,,,,,,
-82.11404728789987,,,,,,,,
-82.08275382475661,,,,,,,,
-82.05146036161335,,,,,,,,
-82.0201668984701,,,,,,,,
-81.98887343532684,,,,,,,,
-81.9575799721836,,,-0.007096299740540142,0.01111604525340269,,,,
-81.92628650904034,,,,,,,,
-81.89499304589708,,,,,,,,
-81.86369958275382,,,,,,,,
-81.83240611961057,,,,,,,,
-81.80111265646731,,,,,,,,
-81.76981919332405,,,,,,,,
-81.73852573018081,,,,,,,,
-81.70723226703755,,,,,,,,
-81.6759388038943,,,,,,,,
-81.64464534075104,,,,,,,,
-81.61335187760778,,,,,,,,
-81.58205841446454,,,,,,,,
-81.55076495132128,,,,,,,,
-81.51947148817803,,,,,,,,
-81.48817802503477,,,,,,,,
-81.45688456189151,,,,,,,,
-81.42559109874826,,,,,,,,
-81.394297635605,,,,,,,,
-81.36300417246176,,,,,,,,
-81.3317107093185,,,,,,,,
-81.30041724617524,,,,,,,,
-81.26912378303199,,,,,,,,
-81.23783031988873,,,,,,,,
-81.20653685674549,,,,,,,,
-81.17524339360223,,,,,,,,
-81.14394993045897,,,,,,,,
-81.11265646731572,,,,,,,,
-81.08136300417246,,,,,,,,
-81.0500695410292,,,,,,,,
-81.01877607788595,,,,,,,,
-80.9874826147427,,,,,,,,
-80.95618915159945,,,,,,,,
-80.92489568845619,,,,,,,,
-80.89360222531293,,,,,,,,
-80.86230876216968,,,,,,,,
-80.83101529902643,,,,,,,,
-80.79972183588318,,,,,,,,
-80.76842837273992,,,,,,,,
-80.73713490959666,,,,,,,,
-80.7058414464534,,,,,,,,
-80.67454798331015,,,,,,,,
-80.64325452016689,,,,,,,,
-80.61196105702365,,,,,,,,
-80.58066759388039,,,,,,,,
-80.54937413073714,,,,,,,,
-80.51808066759388,,,,,,,,
-80.48678720445062,,,,,,,,
-80.45549374130738,,,,,,,,
-80.42420027816412,,,,,,,,
-80.39290681502086,,,,,,,,
-80.36161335187761,,,,,,,,
-80.33031988873435,,,,,,,,
-80.2990264255911,,,,,,,,
-80.26773296244784,,,,,,,,
-80.2364394993046,,,,,,,,
-80.20514603616134,,,,,,,,
-80.17385257301808,,,,,,,,
-80.14255910987482,,,,,,,,
-80.11126564673157,,,,,,,,
-80.07997218358832,,,,,,,,
-80.04867872044507,,,,,,,,
-80.01738525730181,,,,,,,,
-79.98609179415855,,,,,,,,
-79.9547983310153,,,,,,,,
-79.92350486787204,,,,,,,,
-79.89221140472878,,,,,,,,
-79.86091794158554,,,,,,,,
-79.82962447844228,,,,,,,,
-79.79833101529903,,,,,,,,
-79.76703755215577,,,,,,,,
-79.73574408901251,,,,,,,,
-79.70445062586927,,,,,,,,
-79.67315716272601,,,,,,,,
-79.64186369958276,,,,,,,,
-79.6105702364395,,,,,,,,
-79.57927677329624,,,,,,,,
-79.54798331015299,,,,,,,,
-79.51668984700973,,,,,,,,
-79.48539638386649,,,,,,,,
-79.45410292072323,,,,,,,,
-79.42280945757997,,,,,,,,
-79.39151599443672,,,,,,,,
-79.36022253129346,,,,,,,,
-79.32892906815022,,,,,,,,
-79.29763560500696,,,,,,,,
-79.2663421418637,,,,,,,,
-79.23504867872045,,,,,,,,
-79.20375521557719,,,,,,,,
-79.17246175243393,,,,,,,,
-79.14116828929068,,,,,,,,
-79.10987482614743,,,,,,,,
-79.07858136300418,,,,,,,,
-79.04728789986092,,,,,,,,
-79.01599443671766,,,,,,,,
-78.9847009735744,,,,,,,,
-78.95340751043115,,,,,,,,
-78.9221140472879,,,,,,,,
-78.89082058414465,,,,,,,,
-78.85952712100139,,,,,,,,
-78.82823365785814,,,,,,,,
-78.79694019471488,,,,,,,,
-78.76564673157162,,,,,,,,
-78.73435326842838,,,,,,,,
-78.70305980528512,,,,,,,,
-78.67176634214186,,,,,,,,
-78.64047287899861,,,,,,,,
-78.60917941585535,,,,,,,,
-78.5778859527121,,,,,,,,
-78.54659248956885,,,,,,,,
-78.5152990264256,,,,,,,,
-78.48400556328234,,,,,,,,
-78.45271210013908,,,,,,,,
-78.42141863699582,,,,,,,,
-78.39012517385257,,,,,,,,
-78.35883171070932,,,,,,,,
-78.32753824756607,,,,,,,,
-78.29624478442281,,,,,,,,
-78.26495132127955,,,,,,,,
-78.2336578581363,,,,,,,,
-78.20236439499304,,,,,,,,
-78.1710709318498,,,,,,,,
-78.13977746870654,,,,,,,,
-78.10848400556328,,,,,,,,
-78.07719054242003,,,,,,,,
-78.04589707927677,,,,,,,,
-78.01460361613351,,,,,,,,
-77.98331015299027,,,,,,,,
-77.95201668984701,,,,,,,,
-77.92072322670376,,,,,,,,
-77.8894297635605,,,,,,,,
-77.85813630041724,,,,,,,,
-77.82684283727399,,,,,,,,
-77.79554937413073,,,,,,,,
-77.76425591098749,,,,,,,,
-77.73296244784423,,,,,,,,
-77.70166898470097,,,,,,,,
-77.67037552155772,,,,,,,,
-77.63908205841446,,,,,,,,
-77.60778859527122,,,,,,,,
-77.57649513212796,,,,,,,,
-77.5452016689847,,,,,,,,
-77.51390820584145,,,,,,,,
-77.48261474269819,,,,,,,,
-77.45132127955493,,,,,,,,
-77.42002781641168,,,,,,,,
-77.38873435326843,,,,,,,,
-77.35744089012518,,,,,,,,
-77.32614742698192,,,,,,,,
-77.29485396383866,,,,,,,,
-77.2635605006954,,,,,,,,
-77.23226703755216,,,,,,,,
-77.2009735744089,,,,,,,,
-77.16968011126565,,,,,,,,
-77.13838664812239,,,,,,,,
-77.10709318497914,,,,,,,,
-77.07579972183588,,,,,,,,
-77.04450625869262,,,,,,,,
-77.01321279554938,,,,,,,,
-76.98191933240612,,,,,,,,
-76.95062586926286,,,,,,,,
-76.91933240611961,,,,,,,,
-76.88803894297635,,,,,,,,
-76.85674547983311,,,,,,,,
-76.82545201668985,,,,,,,,
-76.7941585535466,,,,,,,,
-76.76286509040334,,,,,,,,
-76.73157162726008,,,,,,,,
-76.70027816411682,,,,,,,,
-76.66898470097357,,,,,,,,
-76.63769123783032,,,,,,,,
-76.60639777468707,,,,,,,,
-76.57510431154381,,,,,,,,
-76.54381084840055,,,,,,,,
-76.5125173852573,,,,,,,,
-76.48122392211405,,,,,,,,
-76.4499304589708,,,,,,,,
-76.41863699582754,,,,,,,,
-76.38734353268428,,,,,,,,
-76.35605006954103,,,,,,,,
-76.32475660639777,,,,,,,,
-76.29346314325451,,,,,,,,
-76.26216968011127,,,,,,,,
-76.23087621696801,,,,,,,,
-76.19958275382476,,,,,,,,
-76.1682892906815,,,,,,,,
-76.13699582753824,,,,,,,,
-76.105702364395,,,,,,,,
-76.07440890125174,,,,,,,,
-76.04311543810849,,,,,,,,
-76.01182197496523,,,,,,,,
-75.98052851182197,,,,,,,,
-75.94923504867872,,,,,,,,
-75.91794158553546,,,,,,,,
-75.88664812239222,,,,,,,,
-75.85535465924896,,,,,,,,
-75.8240611961057,,,,,,,,
-75.79276773296245,,,,,,,,
-75.76147426981919,,,,,,,,
-75.73018080667595,,,,,,,,
-75.69888734353269,,,,,,,,
-75.66759388038943,,,,,,,,
-75.63630041724618,,,,,,,,
-75.60500695410292,,,,,,,,
-75.57371349095966,,,,,,,,
-75.5424200278164,,,,,,,,
-75.51112656467316,,,,,,,,
-75.4798331015299,,,,,,,,
-75.44853963838665,,,,,,,,
-75.41724617524339,,,,,,,,
-75.38595271210013,,,,,,,,
-75.35465924895689,,,,,,,,
-75.32336578581364,,,,,,,,
-75.29207232267038,,,,,,,,
-75.26077885952712,,,,,,,,
-75.22948539638386,,,,,,,,
-75.19819193324061,,,,,,,,
-75.16689847009735,,,,,,,,
-75.13560500695411,,,,,,,,
-75.10431154381085,,,,,,,,
-75.0730180806676,,,,,,,,
-75.04172461752434,,,,,,,,
-75.01043115438108,,,,,,,,
-74.97913769123784,,,,,,,,
-74.94784422809458,,,,,,,,
-74.91655076495132,,,,,,,,
-74.88525730180807,,,,,,,,
-74.85396383866481,,,,,,,,
-74.82267037552155,,,,,,,,
-74.7913769123783,,,,,,,,
-74.76008344923505,,,,,,,,
-74.7287899860918,,,,,,,,
-74.69749652294854,,,,,,,,
-74.66620305980528,,,,,,,,
-74.63490959666203,,,,,,,,
-74.60361613351878,,,,,,,,
-74.57232267037553,,,,,,,,
-74.54102920723227,,,,,,,,
-74.50973574408901,,,,,,,,
-74.47844228094576,,,,,,,,
-74.4471488178025,,,,,,,,
-74.41585535465924,,,,,,,,
-74.384561891516,,,,,,,,
-74.35326842837274,,,,,,,,
-74.32197496522949,,,,,,,,
-74.29068150208623,,,,,,,,
-74.25938803894297,,,,,,,,
-74.22809457579972,,,,,,,,
-74.19680111265647,,,,,,,,
-74.16550764951322,,,,,,,,
-74.13421418636996,,,,,,,,
-74.1029207232267,,,,,,,,
-74.07162726008345,,,,,,,,
-74.04033379694019,,,,,,,,
-74.00904033379695,,,,,,,,
-73.97774687065369,,,,,,,,
-73.94645340751043,,,,,,,,
-73.91515994436718,,,,,,,,
-73.88386648122392,,,,,,,,
-73.85257301808068,,,,,,,,
-73.8212795549374,,,,,,,,
-73.78998609179416,,,,,,,,
-73.7586926286509,,,,,,,,
-73.72739916550765,,,,,,,,
-73.69610570236439,,,,,,,,
-73.66481223922113,,,,,,,,
-73.63351877607789,,,,,,,,
-73.60222531293464,,,,,,,,
-73.57093184979138,,,,,,,,
-73.53963838664812,,,,,,,,
-73.50834492350486,,,,,,,,
-73.47705146036162,,,,,,,,
-73.44575799721835,,,,,,,,
-73.41446453407511,,,,,,,,
-73.38317107093185,,,,,,,,
-73.3518776077886,,,,,,,,
-73.32058414464534,,,,,,,,
-73.28929068150208,,,,,,,,
-73.25799721835884,,,,,,,,
-73.22670375521558,,,,,,,,
-73.19541029207232,,,,,,,,
-73.16411682892907,,,,,,,,
-73.13282336578581,,,,,,,,
-73.10152990264257,,,,,,,,
-73.0702364394993,,,,,,,,
-73.03894297635605,,,,,,,,
-73.0076495132128,,,,,,,,
-72.97635605006954,,,,,,,,
-72.94506258692628,,,,,,,,
-72.91376912378303,,,,,,,,
-72.88247566063978,,,,,,,,
-72.85118219749653,,,,,,,,
-72.81988873435327,,,,,,,,
-72.78859527121001,,,,,,,,
-72.75730180806676,,,,,,,,
-72.7260083449235,,,,,,,,
-72.69471488178024,,,,,,,,
-72.663421418637,,,,,,,,
-72.63212795549374,,,,,,,,
-72.60083449235049,,,,,,,,
-72.56954102920723,,,,,,,,
-72.53824756606397,,,,,,,,
-72.50695410292073,,,,,,,,
-72.47566063977747,,,,,,,,
-72.44436717663422,,,,,,,,
-72.41307371349096,,,,,,,,
-72.3817802503477,,,,,,,,
-72.35048678720445,,,,,,,,
-72.31919332406119,,,,,,,,
-72.28789986091795,,,,,,,,
-72.25660639777469,,,,,,,,
-72.22531293463143,,,,,,,,
-72.19401947148818,,,,,,,,
-72.16272600834492,,,,,,,,
-72.13143254520168,,,,,,,,
-72.10013908205842,,,,,,,,
-72.06884561891516,,,,,,,,
-72.0375521557719,,,,,,,,
-72.00625869262865,,,,,,,,
-71.97496522948539,,,,,,,,
-71.94367176634213,,,,,,,,
-71.91237830319889,,,,,,,,
-71.88108484005564,,,,,,,,
-71.84979137691238,,,,,,,,
-71.81849791376912,,,,,,,,
-71.78720445062586,,,,,,,,
-71.75591098748262,,,,,,,,
-71.72461752433937,,,,,,,,
-71.69332406119611,,,,,,,,
-71.66203059805285,,,,,,,,
-71.6307371349096,,,,,,,,
-71.59944367176634,,,,,,,,
-71.56815020862308,,,,,,,,
-71.53685674547984,,,,,,,,
-71.50556328233658,,,,,,,,
-71.47426981919332,,,,,,,,
-71.44297635605007,,,,,,,,
-71.41168289290681,,,,,,,,
-71.38038942976357,,,,,,,,
-71.34909596662031,,,,,,,,
-71.31780250347705,,,,,,,,
-71.2865090403338,,,,,,,,
-71.25521557719054,,,,,,,,
-71.22392211404728,,,,,,,,
-71.19262865090403,,,,,,,,
-71.16133518776078,,,,,,,,
-71.13004172461753,,,,,,,,
-71.09874826147427,,,,,,,,
-71.06745479833101,,,,,,,,
-71.03616133518776,,,,,,,,
-71.00486787204451,,,,,,,,
-70.97357440890126,,,,,,,,
-70.942280945758,,,,,,,,
-70.91098748261474,,,,,,,,
-70.87969401947149,,,,,,,,
-70.84840055632823,,,,,,,,
-70.81710709318497,,,,,,,,
-70.78581363004173,,,,,,,,
-70.75452016689847,,,,,,,,
-70.72322670375522,,,,,,,,
-70.69193324061196,,,,,,,,
-70.6606397774687,,,,,,,,
-70.62934631432546,,,,,,,,
-70.5980528511822,,,,,,,,
-70.56675938803895,,,,,,,,
-70.53546592489569,,,,,,,,
-70.50417246175243,,,,,,,,
-70.47287899860918,,,,,,,,
-70.44158553546592,,,,,,,,
-70.41029207232268,,,,,,,,
-70.37899860917942,,,,,,,,
-70.34770514603616,,,,,,,,
-70.3164116828929,,,,,,,,
-70.28511821974965,,,,,,,,
-70.2538247566064,,,,,,,,
-70.22253129346313,,,,,,,,
-70.19123783031989,,,,,,,,
-70.15994436717664,,,,,,,,
-70.12865090403338,,,,,,,,
-70.09735744089012,,,,,,,,
-70.06606397774686,,,,,,,,
-70.03477051460362,,,,,,,,
-70.00347705146037,,,,,,,,
-69.97218358831711,,,,,,,,
-69.94089012517385,,,,,,,,
-69.9095966620306,,,,,,,,
-69.87830319888735,,,,,,,,
-69.84700973574408,,,,,,,,
-69.81571627260084,,,,,,,,
-69.78442280945758,,,,,,,,
-69.75312934631432,,,,,,,,
-69.72183588317107,,,,,,,,
-69.69054242002781,,,,,,,,
-69.65924895688457,,,,,,,,
-69.62795549374131,,,,,,,,
-69.59666203059805,,,,,,,,
-69.5653685674548,,,,,,,,
-69.53407510431154,,,,,,,,
-69.5027816411683,,,,,,,,
-69.47148817802503,,,,,,,,
-69.44019471488178,,,,,,,,
-69.40890125173853,,,,,,,,
-69.37760778859527,,,,,,,,
-69.34631432545201,,,,,,,,
-69.31502086230876,,,,,,,,
-69.28372739916551,,,,,,,,
-69.25243393602226,,,,,,,,
-69.221140472879,,,,,,,,
-69.18984700973574,,,,,,,,
-69.15855354659249,,,,,,,,
-69.12726008344924,,,,,,,,
-69.09596662030597,,,,,,,,
-69.06467315716273,,,,,,,,
-69.03337969401947,,,,,,,,
-69.00208623087622,,,,,,,,
-68.97079276773296,,,,,,,,
-68.9394993045897,,,,,,,,
-68.90820584144646,,,,,,,,
-68.8769123783032,,,,,,,,
-68.84561891515995,,,,,,,,
-68.81432545201669,,,,,,,,
-68.78303198887343,,,,,,,,
-68.75173852573019,,,,,,,,
-68.72044506258692,,,,,,,,
-68.68915159944368,,,,,,,,
-68.65785813630042,,,,,,,,
-68.62656467315716,,,,,,,,
-68.5952712100139,,,,,,,,
-68.56397774687065,,,,,,,,
-68.5326842837274,,,,,,,,
-68.50139082058415,,,,,,,,
-68.47009735744089,,,,,,,,
-68.43880389429764,,,,,,,,
-68.40751043115438,,,,,,,,
-68.37621696801114,,,,,,,,
-68.34492350486786,,,,,,,,
-68.31363004172462,,,,,,,,
-68.28233657858136,,,,,,,,
-68.25104311543811,,,,,,,,
-68.21974965229485,,,,,,,,
-68.1884561891516,,,,,,,,
-68.15716272600835,,,,,,,,
-68.1258692628651,,,,,,,,
-68.09457579972184,,,,,,,,
-68.06328233657858,,,,,,,,
-68.03198887343532,,,,,,,,
-68.00069541029207,,,,,,,,
-67.96940194714881,,,,,,,,
-67.93810848400557,,,,,,,,
-67.90681502086231,,,,,,,,
-67.87552155771905,,,,,,,,
-67.8442280945758,,,,,,,,
-67.81293463143254,,,,,,,,
-67.7816411682893,,,,,,,,
-67.75034770514604,,,,,,,,
-67.71905424200278,,,,,,,,
-67.68776077885953,,,,,,,,
-67.65646731571627,,,,,,,,
-67.62517385257301,,,,,,,,
-67.59388038942976,,,,,,,,
-67.56258692628651,,,,,,,,
-67.53129346314326,,,,,,,,
-67.5,,,,,,,,
-67.46870653685674,,,,,,,,
-67.43741307371349,,,,,,,,
-67.40611961057024,,,,,,,,
-67.37482614742699,,,,,,,,
-67.34353268428373,,,,,,,,
-67.31223922114047,,,,,,,,
-67.28094575799722,,,,,,,,
-67.24965229485396,,,,,,,,
-67.2183588317107,,,,,,,,
-67.18706536856746,,,,,,,,
-67.1557719054242,,,,,,,,
-67.12447844228095,,,,,,,,
-67.09318497913769,,,,,,,,
-67.06189151599443,,,,,,,,
-67.03059805285119,,,,,,,,
-66.99930458970793,,,,,,,,
-66.96801112656468,,,,,,,,
-66.93671766342142,,,,,,,,
-66.90542420027816,,,,,,,,
-66.8741307371349,,,,,,,,
-66.84283727399165,,,,,,,,
-66.8115438108484,,,,,,,,
-66.78025034770515,,,,,,,,
-66.74895688456189,,,,,,,,
-66.71766342141864,,,,,,,,
-66.68636995827538,,,,,,,,
-66.65507649513214,,,,,,,,
-66.62378303198888,,,,,,,,
-66.59248956884562,,,,,,,,
-66.56119610570236,,,,,,,,
-66.52990264255911,,,,,,,,
-66.49860917941585,,,,,,,,
-66.4673157162726,,,,,,,,
-66.43602225312935,,,,,,,,
-66.4047287899861,,,,,,,,
-66.37343532684284,,,,,,,,
-66.34214186369958,,,,,,,,
-66.31084840055632,,,,,,,,
-66.27955493741308,,,,,,,,
-66.24826147426982,,,,,,,,
-66.21696801112657,,,,,,,,
-66.18567454798331,,,,,,,,
-66.15438108484005,,,,,,,,
-66.1230876216968,,,,,,,,
-66.09179415855354,,,,,,,,
-66.0605006954103,,,,,,,,
-66.02920723226704,,,,,,,,
-65.99791376912378,,,,,,,,
-65.96662030598053,,,,,,,,
-65.93532684283727,,,,,,,,
-65.90403337969403,,,,,,,,
-65.87273991655076,,,,,,,,
-65.84144645340751,,,,,,,,
-65.81015299026426,,,,,,,,
-65.778859527121,,,,,,,,
-65.74756606397774,,,,,,,,
-65.71627260083449,,,,,,,,
-65.68497913769124,,,,,,,,
-65.65368567454799,,,,,,,,
-65.62239221140473,,,,,,,,
-65.59109874826147,,,,,,,,
-65.55980528511822,,,,,,,,
-65.52851182197497,,,,,,,,
-65.4972183588317,,,,,,,,
-65.46592489568846,,,,,,,,
-65.4346314325452,,,,,,,,
-65.40333796940195,,,,,,,,
-65.37204450625869,,,,,,,,
-65.34075104311543,,,,,,,,
-65.30945757997219,,,,,,,,
-65.27816411682893,,,,,,,,
-65.24687065368568,,,,,,,,
-65.21557719054242,,,,,,,,
-65.18428372739916,,,,,,,,
-65.15299026425592,,,,,,,,
-65.12169680111265,,,,,,,,
-65.0904033379694,,,,,,,,
-65.05910987482615,,,,,,,,
-65.02781641168289,,,,,,,,
-64.99652294853963,,,,,,,,
-64.96522948539638,,,,,,,,
-64.93393602225314,,,,,,,,
-64.90264255910988,,,,,,,,
-64.87134909596662,,,,,,,,
-64.84005563282336,,,,,,,,
-64.80876216968011,,,,,,,,
-64.77746870653687,,,,,,,,
-64.7461752433936,,,,,,,,
-64.71488178025035,,,,,,,,
-64.6835883171071,,,,,,,,
-64.65229485396384,,,,,,,,
-64.62100139082058,,,,,,,,
-64.58970792767732,,,,,,,,
-64.55841446453408,,,,,,,,
-64.52712100139082,,,,,,,,
-64.49582753824757,,,,,,,,
-64.46453407510431,,,,,,,,
-64.43324061196105,,,,,,,,
-64.40194714881781,,,,,,,,
-64.37065368567454,,,,,,,,
-64.3393602225313,,,,,,,,
-64.30806675938804,,,,,,,,
-64.27677329624478,,,,,,,,
-64.24547983310153,,,,,,,,
-64.21418636995827,,,,,,,,
-64.18289290681503,,,,,,,,
-64.15159944367177,,,,,,,,
-64.12030598052851,,,,,,,,
-64.08901251738526,,,,,,,,
-64.057719054242,,,,,,,,
-64.02642559109876,,,,,,,,
-63.99513212795549,,,,,,,,
-63.96383866481224,,,,,,,,
-63.93254520166899,,,,,,,,
-63.90125173852573,,,,,,,,
-63.86995827538247,,,,,,,,
-63.83866481223922,,,,,,,,
-63.807371349095966,,,,,,,,
-63.776077885952716,,,,,,,,
-63.74478442280946,,,,,,,,
-63.7134909596662,,,,,,,,
-63.682197496522946,,,,,,,,
-63.65090403337969,,,,,,,,
-63.61961057023644,,,,,,,,
-63.58831710709319,,,,,,,,
-63.55702364394993,,,,,,,,
-63.525730180806676,,,,,,,,
-63.49443671766342,,,,,,,,
-63.46314325452016,,,,,,,,
-63.43184979137691,,,,,,,,
-63.40055632823366,,,,,,,,
-63.369262865090406,,,,,,,,
-63.33796940194715,,,,,,,,
-63.30667593880389,,,,,,,,
-63.275382475660635,,,,,,,,
-63.244089012517385,,,,,,,,
-63.212795549374135,,,,,,,,
-63.18150208623088,,,,,,,,
-63.15020862308762,,,,,,,,
-63.118915159944365,,,,,,,,
-63.08762169680111,,,,,,,,
-63.05632823365786,,,,,,,,
-63.02503477051461,,,,,,,,
-62.99374130737135,,,,,,,,
-62.962447844228095,,,,,,,,
-62.93115438108484,,,,,,,,
-62.89986091794158,,,,,,,,
-62.86856745479833,,,,,,,,
-62.83727399165508,,,,,,,,
-62.805980528511824,,,,,,,,
-62.77468706536857,,,,,,,,
-62.74339360222531,,,,,,,,
-62.712100139082054,,,,,,,,
-62.680806675938804,,,,,,,,
-62.649513212795554,,,,,,,,
-62.6182197496523,,,,,,,,
-62.58692628650904,,,,,,,,
-62.555632823365784,,,,,,,,
-62.52433936022253,,,,,,,,
-62.49304589707928,,,,,,,,
-62.46175243393603,,,,,,,,
-62.43045897079277,,,,,,,,
-62.39916550764951,,,,,,,,
-62.36787204450626,,,,,,,,
-62.336578581363,,,,,,,,
-62.30528511821975,,,,,,,,
-62.2739916550765,,,,,,,,
-62.24269819193324,,,,,,,,
-62.21140472878999,,,,,,,,
-62.18011126564673,,,,,,,,
-62.14881780250347,,,,,,,,
-62.11752433936022,,,,,,,,
-62.08623087621697,,,,,,,,
-62.054937413073716,,,,,,,,
-62.02364394993046,,,,,,,,
-61.9923504867872,,,,,,,,
-61.961057023643946,,,,,,,,
-61.929763560500696,,,,,,,,
-61.898470097357446,,,,,,,,
-61.86717663421419,,,,,,,,
-61.83588317107093,,,,,,,,
-61.804589707927676,,,,,,,,
-61.77329624478442,,,,,,,,
-61.74200278164117,,,,,,,,
-61.71070931849792,,,,,,,,
-61.67941585535466,,,,,,,,
-61.648122392211405,,,,,,,,
-61.61682892906815,,,,,,,,
-61.58553546592489,,,,,,,,
-61.55424200278164,,,,,,,,
-61.52294853963839,,,,,,,,
-61.491655076495135,,,,,,,,
-61.46036161335188,,,,,,,,
-61.42906815020862,,,,,,,,
-61.397774687065365,,,,,,,,
-61.366481223922115,,,,,,,,
-61.33518776077886,,,,,,,,
-61.30389429763561,,,,,,,,
-61.27260083449235,,,,,,,,
-61.241307371349095,,,,,,,,
-61.21001390820584,,,,,,,,
-61.17872044506259,,,,,,,,
-61.14742698191933,,,,,,,,
-61.11613351877608,,,,,,,,
-61.084840055632824,,,,,,,,
-61.05354659248957,,,,,,,,
-61.02225312934631,,,,,,,,
-60.99095966620306,,,,,,,,
-60.959666203059804,,,,,,,,
-60.928372739916554,,,,,,,,
-60.8970792767733,,,,,,,,
-60.86578581363004,,,,,,,,
-60.834492350486784,,,,,,,,
-60.803198887343534,,,,,,,,
-60.77190542420028,,,,,,,,
-60.74061196105703,,,,,,,,
-60.70931849791377,,,,,,,,
-60.67802503477051,,,,,,,,
-60.64673157162726,,,,,,,,
-60.61543810848401,,,,,,,,
-60.58414464534075,,,,,,,,
-60.5528511821975,,,,,,,,
-60.52155771905424,,,,,,,,
-60.490264255910986,,,,,,,,
-60.45897079276773,,,,,,,,
-60.42767732962448,,,,,,,,
-60.39638386648122,,,,,,,,
-60.36509040333797,,,,,,,,
-60.333796940194716,,,,,,,,
-60.30250347705146,,,,,,,,
-60.2712100139082,,,,,,,,
-60.23991655076495,,,,,,,,
-60.208623087621696,,,,,,,,
-60.177329624478446,,,,,,,,
-60.14603616133519,,,,,,,,
-60.11474269819193,,,,,,,,
-60.083449235048676,,,,,,,,
-60.052155771905426,,,,,,,,
-60.02086230876217,,,,,,,,
-59.98956884561892,,,,,,,,
-59.95827538247566,,,,,,,,
-59.926981919332405,,,,,,,,
-59.89568845618915,,,,,,,,
-59.8643949930459,,,,,,,,
-59.83310152990264,,,,,,,,
-59.80180806675939,,,,,,,,
-59.770514603616135,,,,,,,,
-59.73922114047288,,,,,,,,
-59.70792767732962,,,,,,,,
-59.67663421418637,,,,,,,,
-59.645340751043115,,,,,,,,
-59.614047287899865,,,,,,,,
-59.58275382475661,,,,,,,,
-59.55146036161335,,,,,,,,
-59.520166898470094,,,,,,,,
-59.488873435326845,,,,,,,,
-59.45757997218359,,,,,,,,
-59.42628650904034,,,,,,,,
-59.39499304589708,,,,,,,,
-59.363699582753824,,,,,,,,
-59.33240611961057,,,,,,,,
-59.30111265646732,,,,,,,,
-59.26981919332406,,,,,,,,
-59.23852573018081,,,,,,,,
-59.207232267037554,,,,,,,,
-59.1759388038943,,,,,,,,
-59.14464534075104,,,,,,,,
-59.11335187760779,,,,,,,,
-59.082058414464534,,,,,,,,
-59.050764951321284,,,,,,,,
-59.01947148817803,,,,,,,,
-58.98817802503477,,,,,,,,
-58.95688456189151,,,,,,,,
-58.92559109874826,,,,,,,,
-58.89429763560501,,,,,,,,
-58.86300417246176,,,,,,,,
-58.8317107093185,,,,,,,,
-58.80041724617524,,,,,,,,
-58.769123783031986,,,,,,,,
-58.73783031988873,,,,,,,,
-58.70653685674548,,,,,,,,
-58.67524339360223,,,,,,,,
-58.64394993045897,,,,,,,,
-58.612656467315716,,,,,,,,
-58.58136300417246,,,,,,,,
-58.5500695410292,,,,,,,,
-58.51877607788595,,,,,,,,
-58.4874826147427,,,,,,,,
-58.456189151599446,,,,,,,,
-58.42489568845619,,,,,,,,
-58.39360222531293,,,,,,,,
-58.362308762169675,,,,,,,,
-58.331015299026426,,,,,,,,
-58.299721835883176,,,,,,,,
-58.26842837273992,,,,,,,,
-58.23713490959666,,,,,,,,
-58.205841446453405,,,,,,,,
-58.17454798331015,,,,,,,,
-58.1432545201669,,,,,,,,
-58.11196105702365,,,,,,,,
-58.08066759388039,,,,,,,,
-58.049374130737135,,,,,,,,
-58.01808066759388,,,,,,,,
-57.98678720445063,,,,,,,,
-57.95549374130737,,,,,,,,
-57.924200278164115,,,,,,,,
-57.892906815020865,,,,,,,,
-57.86161335187761,,,,,,,,
-57.83031988873435,,,,,,,,
-57.7990264255911,,,,,,,,
-57.767732962447845,,,,,,,,
-57.73643949930459,,,,,,,,
-57.70514603616134,,,,,,,,
-57.67385257301808,,,,,,,,
-57.642559109874824,,,,,,,,
-57.611265646731574,,,,,,,,
-57.57997218358832,,,,,,,,
-57.54867872044506,,,,,,,,
-57.51738525730181,,,,,,,,
-57.486091794158554,,,,,,,,
-57.4547983310153,,,,,,,,
-57.42350486787205,,,,,,,,
-57.39221140472879,,,,,,,,
-57.360917941585534,,,,,,,,
-57.329624478442284,,,,,,,,
-57.29833101529903,,,,,,,,
-57.26703755215577,,,,,,,,
-57.23574408901252,,,,,,,,
-57.20445062586926,,,,,,,,
-57.17315716272601,,,,,,,,
-57.14186369958276,,,,,,,,
-57.1105702364395,,,,,,,,
-57.07927677329624,,,,,,,,
-57.04798331015299,,,,,,,,
-57.01668984700974,,,,,,,,
-56.98539638386648,,,,,,,,
-56.95410292072323,,,,,,,,
-56.92280945757997,,,,,,,,
-56.891515994436716,,,,,,,,
-56.860222531293466,,,,,,,,
-56.82892906815021,,,,,,,,
-56.79763560500695,,,,,,,,
-56.7663421418637,,,,,,,,
-56.735048678720446,,,,,,,,
-56.70375521557719,,,,,,,,
-56.67246175243394,,,,,,,,
-56.64116828929068,,,,,,,,
-56.609874826147426,,,,,,,,
-56.578581363004176,,,,,,,,
-56.54728789986092,,,,,,,,
-56.51599443671766,,,,,,,,
-56.48470097357441,,,,,,,,
-56.453407510431155,,,,,,,,
-56.4221140472879,,,,,,,,
-56.39082058414465,,,,,,,,
-56.35952712100139,,,,,,,,
-56.328233657858135,,,,,,,,
-56.296940194714885,,,,,,,,
-56.26564673157163,,,,,,,,
-56.23435326842837,,,,,,,,
-56.20305980528512,,,,,,,,
-56.171766342141865,,,,,,,,
-56.14047287899861,,,,,,,,
-56.10917941585536,,,,,,,,
-56.0778859527121,,,,,,,,
-56.046592489568845,,,,,,,,
-56.015299026425595,,,,,,,,
-55.98400556328234,,,,,,,,
-55.95271210013908,,,,,,,,
-55.92141863699583,,,,,,,,
-55.890125173852574,,,,,,,,
-55.85883171070932,,,,,,,,
-55.82753824756607,,,,,,,,
-55.79624478442281,,,,,,,,
-55.764951321279554,,,,,,,,
-55.733657858136304,,,,,,,,
-55.70236439499305,,,,,,,,
-55.67107093184979,,,,,,,,
-55.639777468706534,,,,,,,,
-55.608484005563284,,,,,,,,
-55.57719054242003,,,,,,,,
-55.54589707927677,,,,,,,,
-55.51460361613352,,,,,,,,
-55.48331015299026,,,,,,,,
-55.45201668984701,,,,,,,,
-55.42072322670376,,,,,,,,
-55.3894297635605,,,,,,,,
-55.35813630041724,,,,,,,,
-55.32684283727399,,,,,,,,
-55.29554937413074,,,,,,,,
-55.26425591098748,,,,,,,,
-55.23296244784423,,,,,,,,
-55.20166898470097,,,,,,,,
-55.170375521557716,,,,,,,,
-55.139082058414466,,,,,,,,
-55.10778859527121,,,,,,,,
-55.07649513212795,,,,,,,,
-55.0452016689847,,,,,,,,
-55.013908205841446,,,,,,,,
-54.98261474269819,,,,,,,,
-54.95132127955494,,,,,,,,
-54.92002781641168,,,,,,,,
-54.888734353268426,,,,,,,,
-54.857440890125176,,,,,,,,
-54.82614742698192,,,,,,,,
-54.79485396383866,,,,,,,,
-54.76356050069541,,,,,,,,
-54.732267037552155,,,,,,,,
-54.7009735744089,,,,,,,,
-54.66968011126565,,,,,,,,
-54.63838664812239,,,,,,,,
-54.607093184979135,,,,,,,,
-54.575799721835885,,,,,,,,
-54.54450625869263,,,,,,,,
-54.51321279554937,,,,,,,,
-54.48191933240612,,,,,,,,
-54.450625869262865,,,,,,,,
-54.41933240611961,,,,,,,,
-54.38803894297636,,,,,,,,
-54.3567454798331,,,,,,,,
-54.325452016689844,,,,,,,,
-54.294158553546595,,,,,,,,
-54.26286509040334,,,,,,,,
-54.23157162726008,,,,,,,,
-54.20027816411683,,,,,,,,
-54.168984700973574,,,,,,,,
-54.13769123783032,,,,,,,,
-54.10639777468707,,,,,,,,
-54.07510431154381,,,,,,,,
-54.043810848400554,,,,,,,,
-54.012517385257304,,,,,,,,
-53.98122392211405,,,,,,,,
-53.94993045897079,,,,,,,,
-53.91863699582754,,,,,,,,
-53.887343532684284,,,,,,,,
-53.85605006954103,,,,,,,,
-53.82475660639778,,,,,,,,
-53.79346314325452,,,,,,,,
-53.76216968011126,,,,,,,,
-53.730876216968014,,,,,,,,
-53.69958275382476,,,,,,,,
-53.6682892906815,,,,,,,,
-53.63699582753825,,,,,,,,
-53.60570236439499,,,,,,,,
-53.574408901251736,,,,,,,,
-53.54311543810849,,,,,,,,
-53.51182197496523,,,,,,,,
-53.48052851182197,,,,,,,,
-53.44923504867872,,,,,,,,
-53.417941585535466,,,,,,,,
-53.38664812239221,,,,,,,,
-53.35535465924896,,,,,,,,
-53.3240611961057,,,,,,,,
-53.292767732962446,,,,,,,,
-53.261474269819196,,,,,,,,
-53.23018080667594,,,,,,,,
-53.19888734353268,,,,,,,,
-53.16759388038943,,,,,,,,
-53.136300417246176,,,,,,,,
-53.10500695410292,,,,,,,,
-53.07371349095967,,,,,,,,
-53.04242002781641,,,,,,,,
-53.011126564673155,,,,,,,,
-52.979833101529906,,,,,,,,
-52.94853963838665,,,,,,,,
-52.91724617524339,,,,,,,,
-52.88595271210014,,,,,,,,
-52.854659248956885,,,,,,,,
-52.82336578581363,,,,,,,,
-52.79207232267038,,,,,,,,
-52.76077885952712,,,,,,,,
-52.729485396383865,,,,,,,,
-52.698191933240615,,,,,,,,
-52.66689847009736,,,,,,,,
-52.6356050069541,,,,,,,,
-52.60431154381085,,,,,,,,
-52.573018080667595,,,,,,,,
-52.54172461752434,,,,,,,,
-52.51043115438109,,,,,,,,
-52.47913769123783,,,,,,,,
-52.447844228094574,,,,,,,,
-52.416550764951324,,,,,,,,
-52.38525730180807,,,,,,,,
-52.35396383866481,,,,,,,,
-52.32267037552156,,,,,,,,
-52.291376912378304,,,,,,,,
-52.26008344923505,,,,,,,,
-52.2287899860918,,,,,,,,
-52.19749652294854,,,,,,,,
-52.166203059805284,,,,,,,,
-52.134909596662034,,,,,,,,
-52.10361613351878,,,,,,,,
-52.07232267037552,,,,,,,,
-52.04102920723227,,,,,,,,
-52.009735744089014,,,,,,,,
-51.97844228094576,,,,,,,,
-51.94714881780251,,,,,,,,
-51.91585535465925,,,,,,,,
-51.88456189151599,,,,,,,,
-51.85326842837274,,,,,,,,
-51.82197496522949,,,,,,,,
-51.79068150208623,,,,,,,,
-51.75938803894298,,,,,,,,
-51.72809457579972,,,,,,,,
-51.696801112656466,,,,,,,,
-51.665507649513216,,,,,,,,
-51.63421418636996,,,,,,,,
-51.6029207232267,,,,,,,,
-51.57162726008345,,,,,,,,
-51.540333796940196,,,,,,,,
-51.50904033379694,,,,,,,,
-51.47774687065369,,,,,,,,
-51.44645340751043,,,,,,,,
-51.415159944367176,,,,,,,,
-51.383866481223926,,,,,,,,
-51.35257301808067,,,,,,,,
-51.32127955493741,,,,,,,,
-51.28998609179416,,,,,,,,
-51.258692628650905,,,,,,,,
-51.22739916550765,,,,,,,,
-51.1961057023644,,,,,,,,
-51.16481223922114,,,,,,,,
-51.133518776077885,,,,,,,,
-51.102225312934635,,,,,,,,
-51.07093184979138,,,,,,,,
-51.03963838664812,,,,,,,,
-51.008344923504865,,,,,,,,
-50.977051460361615,,,,,,,,
-50.94575799721836,,,,,,,,
-50.9144645340751,,,,,,,,
-50.88317107093185,,,,,,,,
-50.851877607788595,,,,,,,,
-50.82058414464534,,,,,,,,
-50.78929068150209,,,,,,,,
-50.75799721835883,,,,,,,,
-50.726703755215574,,,,,,,,
-50.695410292072324,,,,,,,,
-50.66411682892907,,,,,,,,
-50.63282336578581,,,,,,,,
-50.60152990264256,,,,,,,,
-50.570236439499304,,,,,,,,
-50.53894297635605,,,,,,,,
-50.5076495132128,,,,,,,,
-50.47635605006954,,,,,,,,
-50.445062586926284,,,,,,,,
-50.413769123783034,,,,,,,,
-50.38247566063978,,,,,,,,
-50.35118219749652,,,,,,,,
-50.31988873435327,,,,,,,,
-50.28859527121001,,,,,,,,
-50.25730180806676,,,,,,,,
-50.22600834492351,,,,,,,,
-50.19471488178025,,,,,,,,
-50.16342141863699,,,,,,,,
-50.13212795549374,,,,,,,,
-50.10083449235049,,,,,,,,
-50.06954102920723,,,,,,,,
-50.03824756606398,,,,,,,,
-50.00695410292072,,,,,,,,
-49.975660639777466,,,,,,,,
-49.944367176634216,,,,,,,,
-49.91307371349096,,,,,,,,
-49.8817802503477,,,,,,,,
-49.85048678720445,,,,,,,,
-49.819193324061196,,,,,,,,
-49.78789986091794,,,,,,,,
-49.75660639777469,,,,,,,,
-49.72531293463143,,,,,,,,
-49.694019471488176,,,,,,,,
-49.662726008344926,,,,,,,,
-49.63143254520167,,,,,,,,
-49.60013908205841,,,,,,,,
-49.56884561891516,,,,,,,,
-49.537552155771905,,,,,,,,
-49.50625869262865,,,,,,,,
-49.4749652294854,,,,,,,,
-49.44367176634214,,,,,,,,
-49.412378303198885,,,,,,,,
-49.381084840055635,,,,,,,,
-49.34979137691238,,,,,,,,
-49.31849791376912,,,,,,,,
-49.28720445062587,,,,,,,,
-49.255910987482615,,,,,,,,
-49.22461752433936,,,,,,,,
-49.19332406119611,,,,,,,,
-49.16203059805285,,,,,,,,
-49.130737134909594,,,,,,,,
-49.099443671766345,,,,,,,,
-49.06815020862309,,,,,,,,
-49.03685674547983,,,,,,,,
-49.00556328233658,,,,,,,,
-48.974269819193324,,,,,,,,
-48.94297635605007,,,,,,,,
-48.91168289290682,,,,,,,,
-48.88038942976356,,,,,,,,
-48.849095966620304,,,,,,,,
-48.817802503477054,,,,,,,,
-48.7865090403338,,,,,,,,
-48.75521557719054,,,,,,,,
-48.72392211404729,,,,,,,,
-48.692628650904034,,,,,,,,
-48.66133518776078,,,,,,,,
-48.63004172461753,,,,,,,,
-48.59874826147427,,,,,,,,
-48.56745479833101,,,,,,,,
-48.536161335187764,,,,,,,,
-48.50486787204451,,,,,,,,
-48.47357440890125,,,,,,,,
-48.442280945758,,,,,,,,
-48.41098748261474,,,,,,,,
-48.379694019471486,,,,,,,,
-48.34840055632824,,,,,,,,
-48.31710709318498,,,,,,,,
-48.28581363004172,,,,,,,,
-48.25452016689847,,,,,,,,
-48.223226703755216,,,,,,,,
-48.19193324061196,,,,,,,,
-48.16063977746871,,,,,,,,
-48.12934631432545,,,,,,,,
-48.098052851182196,,,,,,,,
-48.066759388038946,,,,,,,,
-48.03546592489569,,,,,,,,
-48.00417246175243,,,,,,,,
-47.97287899860918,,,,,,,,
-47.941585535465926,,,,,,,,
-47.91029207232267,,,,,,,,
-47.87899860917942,,,,,,,,
-47.84770514603616,,,,,,,,
-47.816411682892905,,,,,,,,
-47.785118219749656,,,,,,,,
-47.7538247566064,,,,,,,,
-47.72253129346314,,,,,,,,
-47.69123783031989,,,,,,,,
-47.659944367176635,,,,,,,,
-47.62865090403338,,,,,,,,
-47.59735744089013,,,,,,,,
-47.56606397774687,,,,,,,,
-47.534770514603615,,,,,,,,
-47.503477051460365,,,,,,,,
-47.47218358831711,,,,,,,,
-47.44089012517385,,,,,,,,
-47.4095966620306,,,,,,,,
-47.378303198887345,,,,,,,,
-47.34700973574409,,,,,,,,
-47.31571627260084,,,,,,,,
-47.28442280945758,,,,,,,,
-47.253129346314324,,,,,,,,
-47.221835883171074,,,,,,,,
-47.19054242002782,,,,,,,,
-47.15924895688456,,,,,,,,
-47.12795549374131,,,,,,,,
-47.096662030598054,,,,,,,,
-47.0653685674548,,,,,,,,
-47.03407510431155,,,,,,,,
-47.00278164116829,,,,,,,,
-46.971488178025034,,,,,,,,
-46.940194714881784,,,,,,,,
-46.90890125173853,,,,,,,,
-46.87760778859527,,,,,,,,
-46.84631432545202,,,,,,,,
-46.815020862308764,,,,,,,,
-46.78372739916551,,,,,,,,
-46.75243393602226,,,,,,,,
-46.721140472879,,,,,,,,
-46.68984700973574,,,,,,,,
-46.65855354659249,,,,,,,,
-46.62726008344924,,,,,,,,
-46.59596662030598,,,,,,,,
-46.56467315716273,,,,,,,,
-46.53337969401947,,,,,,,,
-46.502086230876216,,,,,,,,
-46.47079276773296,,,,,,,,
-46.43949930458971,,,,,,,,
-46.40820584144645,,,,,,,,
-46.376912378303196,,,,,,,,
-46.345618915159946,,,,,,,,
-46.31432545201669,,,,,,,,
-46.28303198887343,,,,,,,,
-46.25173852573018,,,,,,,,
-46.220445062586926,,,,,,,,
-46.18915159944367,,,,,,,,
-46.15785813630042,,,,,,,,
-46.12656467315716,,,,,,,,
-46.095271210013905,,,,,,,,
-46.063977746870655,,,,,,,,
-46.0326842837274,,,,,,,,
-46.00139082058414,,,,,,,,
-45.97009735744089,,,,,,,,
-45.938803894297635,,,,,,,,
-45.90751043115438,,,,,,,,
-45.87621696801113,,,,,,,,
-45.84492350486787,,,,,,,,
-45.813630041724615,,,,,,,,
-45.782336578581365,,,,,,,,
-45.75104311543811,,,,,,,,
-45.71974965229485,,,,,,,,
-45.6884561891516,,,,,,,,
-45.657162726008345,,,,,,,,
-45.62586926286509,,,,,,,,
-45.59457579972184,,,,,,,,
-45.56328233657858,,,,,,,,
-45.531988873435324,,,,,,,,
-45.500695410292074,,,,,,,,
-45.46940194714882,,,,,,,,
-45.43810848400556,,,,,,,,
-45.40681502086231,,,,,,,,
-45.375521557719054,,,,,,,,
-45.3442280945758,,,,,,,,
-45.31293463143255,,,,,,,,
-45.28164116828929,,,,,,,,
-45.250347705146034,,,,,,,,
-45.219054242002784,,,,,,,,
-45.18776077885953,,,,,,,,
-45.15646731571627,,,,,,,,
-45.12517385257302,,,,,,,,
-45.09388038942976,,,,,,,,
-45.06258692628651,,,,,,,,
-45.03129346314326,,,,,,,,
-45.0,,,,,,,,
-44.96870653685674,,,,,,,,
-44.93741307371349,,,,,,,,
-44.90611961057024,,,,,,,,
-44.87482614742698,,,,,,,,
-44.84353268428373,,,,,,,,
-44.81223922114047,,,,,,,,
-44.780945757997216,,,,,,,,
-44.749652294853966,,,,,,,,
-44.71835883171071,,,,,,,,
-44.68706536856745,,,,,,,,
-44.6557719054242,,,,,,,,
-44.624478442280946,,,,,,,,
-44.59318497913769,,,,,,,,
-44.56189151599444,,,,,,,,
-44.53059805285118,,,,,,,,
-44.499304589707926,,,,,,,,
-44.468011126564676,,,,,,,,
-44.43671766342142,,,,,,,,
-44.40542420027816,,,,,,,,
-44.37413073713491,,,,,,,,
-44.342837273991655,,,,,,,,
-44.3115438108484,,,,,,,,
-44.28025034770515,,,,,,,,
-44.24895688456189,,,,,,,,
-44.217663421418635,,,,,,,,
-44.186369958275385,,,,,,,,
-44.15507649513213,,,,,,,,
-44.12378303198887,,,,,,,,
-44.09248956884562,,,,,,,,
-44.061196105702365,,,,,,,,
-44.02990264255911,,,,,,,,
-43.99860917941586,,,,,,,,
-43.9673157162726,,,,,,,,
-43.936022253129345,,,,,,,,
-43.904728789986095,,,,,,,,
-43.87343532684284,,,,,,,,
-43.84214186369958,,,,,,,,
-43.81084840055633,,,,,,,,
-43.779554937413074,,,,,,,,
-43.74826147426982,,,,,,,,
-43.71696801112657,,,,,,,,
-43.68567454798331,,,,,,,,
-43.654381084840054,,,,,,,,
-43.623087621696804,,,,,,,,
-43.59179415855355,,,,,,,,
-43.56050069541029,,,,,,,,
-43.52920723226704,,,,,,,,
-43.497913769123784,,,,,,,,
-43.46662030598053,,,,,,,,
-43.43532684283728,,,,,,,,
-43.40403337969402,,,,,,,,
-43.37273991655076,,,,,,,,
-43.341446453407514,,,,,,,,
-43.31015299026426,,,,,,,,
-43.278859527121,,,,,,,,
-43.24756606397775,,,,,,,,
-43.21627260083449,,,,,,,,
-43.184979137691236,,,,,,,,
-43.15368567454799,,,,,,,,
-43.12239221140473,,,,,,,,
-43.09109874826147,,,,,,,,
-43.05980528511822,,,,,,,,
-43.028511821974966,,,,,,,,
-42.99721835883171,,,,,,,,
-42.96592489568846,,,,,,,,
-42.9346314325452,,,,,,,,
-42.903337969401946,,,,,,,,
-42.872044506258696,,,,,,,,
-42.84075104311544,,,,,,,,
-42.80945757997218,,,,,,,,
-42.77816411682893,,,,,,,,
-42.746870653685676,,,,,,,,
-42.71557719054242,,,,,,,,
-42.68428372739917,,,,,,,,
-42.65299026425591,,,,,,,,
-42.621696801112655,,,,,,,,
-42.590403337969406,,,,,,,,
-42.55910987482615,,,,,,,,
-42.52781641168289,,,,,,,,
-42.49652294853964,,,,,,,,
-42.465229485396385,,,,,,,,
-42.43393602225313,,,,,,,,
-42.40264255910988,,,,,,,,
-42.37134909596662,,,,,,,,
-42.340055632823365,,,,,,,,
-42.308762169680115,,,,,,,,
-42.27746870653686,,,,,,,,
-42.2461752433936,,,,,,,,
-42.21488178025035,,,,,,,,
-42.183588317107095,,,,,,,,
-42.15229485396384,,,,,,,,
-42.12100139082059,,,,,,,,
-42.08970792767733,,,,,,,,
-42.058414464534074,,,,,,,,
-42.027121001390825,,,,,,,,
-41.99582753824757,,,,,,,,
-41.96453407510431,,,,,,,,
-41.933240611961054,,,,,,,,
-41.901947148817804,,,,,,,,
-41.87065368567455,,,,,,,,
-41.83936022253129,,,,,,,,
-41.80806675938804,,,,,,,,
-41.776773296244784,,,,,,,,
-41.74547983310153,,,,,,,,
-41.71418636995828,,,,,,,,
-41.68289290681502,,,,,,,,
-41.65159944367176,,,,,,,,
-41.620305980528514,,,,,,,,
-41.58901251738526,,,,,,,,
-41.557719054242,,,,,,,,
-41.52642559109875,,,,,,,,
-41.49513212795549,,,,,,,,
-41.463838664812236,,,,,,,,
-41.43254520166899,,,,,,,,
-41.40125173852573,,,,,,,,
-41.36995827538247,,,,,,,,
-41.33866481223922,,,,,,,,
-41.307371349095966,,,,,,,,
-41.27607788595271,,,,,,,,
-41.24478442280946,,,,,,,,
-41.2134909596662,,,,,,,,
-41.182197496522946,,,,,,,,
-41.150904033379696,,,,,,,,
-41.11961057023644,,,,,,,,
-41.08831710709318,,,,,,,,
-41.05702364394993,,,,,,,,
-41.025730180806676,,,,,,,,
-40.99443671766342,,,,,,,,
-40.96314325452017,,,,,,,,
-40.93184979137691,,,,,,,,
-40.900556328233655,,,,,,,,
-40.869262865090406,,,,,,,,
-40.83796940194715,,,,,,,,
-40.80667593880389,,,,,,,,
-40.77538247566064,,,,,,,,
-40.744089012517385,,,,,,,,
-40.71279554937413,,,,,,,,
-40.68150208623088,,,,,,,,
-40.65020862308762,,,,,,,,
-40.618915159944365,,,,,,,,
-40.587621696801115,,,,,,,,
-40.55632823365786,,,,,,,,
-40.5250347705146,,,,,,,,
-40.49374130737135,,,,,,,,
-40.462447844228095,,,,,,,,
-40.43115438108484,,,,,,,,
-40.39986091794159,,,,,,,,
-40.36856745479833,,,,,,,,
-40.337273991655074,,,,,,,,
-40.305980528511824,,,,,,,,
-40.27468706536857,,,,,,,,
-40.24339360222531,,,,,,,,
-40.21210013908206,,,,,,,,
-40.180806675938804,,,,,,,,
-40.14951321279555,,,,,,,,
-40.1182197496523,,,,,,,,
-40.08692628650904,,,,,,,,
-40.055632823365784,,,,,,,,
-40.024339360222534,,,,,,,,
-39.99304589707928,,,,,,,,
-39.96175243393602,,,,,,,,
-39.93045897079277,,,,,,,,
-39.89916550764951,,,,,,,,
-39.86787204450626,,,,,,,,
-39.83657858136301,,,,,,,,
-39.80528511821975,,,,,,,,
-39.77399165507649,,,,,,,,
-39.74269819193324,,,,,,,,
-39.71140472878999,,,,,,,,
-39.68011126564673,,,,,,,,
-39.64881780250348,,,,,,,,
-39.61752433936022,,,,,,,,
-39.586230876216966,,,,,,,,
-39.554937413073716,,,,,,,,
-39.52364394993046,,,,,,,,
-39.4923504867872,,,,,,,,
-39.46105702364395,,,,,,,,
-39.429763560500696,,,,,,,,
-39.39847009735744,,,,,,,,
-39.36717663421419,,,,,,,,
-39.33588317107093,,,,,,,,
-39.304589707927676,,,,,,,,
-39.273296244784426,,,,,,,,
-39.24200278164117,,,,,,,,
-39.21070931849791,,,,,,,,
-39.17941585535466,,,,,,,,
-39.148122392211405,,,,,,,,
-39.11682892906815,,,,,,,,
-39.0855354659249,,,,,,,,
-39.05424200278164,,,,,,,,
-39.022948539638385,,,,,,,,
-38.991655076495135,,,,,,,,
-38.96036161335188,,,,,,,,
-38.92906815020862,,,,,,,,
-38.89777468706537,,,,,,,,
-38.866481223922115,,,,,,,,
-38.83518776077886,,,,,,,,
-38.80389429763561,,,,,,,,
-38.77260083449235,,,,,,,,
-38.741307371349095,,,,,,,,
-38.710013908205845,,,,,,,,
-38.67872044506259,,,,,,,,
-38.64742698191933,,,,,,,,
-38.61613351877608,,,,,,,,
-38.584840055632824,,,,,,,,
-38.55354659248957,,,,,,,,
-38.52225312934632,,,,,,,,
-38.49095966620306,,,,,,,,
-38.459666203059804,,,,,,,,
-38.428372739916554,,,,,,,,
-38.3970792767733,,,,,,,,
-38.36578581363004,,,,,,,,
-38.33449235048679,,,,,,,,
-38.303198887343534,,,,,,,,
-38.27190542420028,,,,,,,,
-38.24061196105703,,,,,,,,
-38.20931849791377,,,,,,,,
-38.17802503477051,,,,,,,,
-38.146731571627264,,,,,,,,
-38.11543810848401,,,,,,,,
-38.08414464534075,,,,,,,,
-38.0528511821975,,,,,,,,
-38.02155771905424,,,,,,,,
-37.990264255910986,,,,,,,,
-37.95897079276774,,,,,,,,
-37.92767732962448,,,,,,,,
-37.89638386648122,,,,,,,,
-37.86509040333797,,,,,,,,
-37.833796940194716,,,,,,,,
-37.80250347705146,,,,,,,,
-37.77121001390821,,,,,,,,
-37.73991655076495,,,,,,,,
-37.708623087621696,,,,,,,,
-37.677329624478446,,,,,,,,
-37.64603616133519,,,,,,,,
-37.61474269819193,,,,,,,,
-37.58344923504868,,,,,,,,
-37.552155771905426,,,,,,,,
-37.52086230876217,,,,,,,,
-37.48956884561892,,,,,,,,
-37.45827538247566,,,,,,,,
-37.426981919332405,,,,,,,,
-37.395688456189156,,,,,,,,
-37.3643949930459,,,,,,,,
-37.33310152990264,,,,,,,,
-37.301808066759385,,,,,,,,
-37.270514603616135,,,,,,,,
-37.23922114047288,,,,,,,,
-37.20792767732962,,,,,,,,
-37.17663421418637,,,,,,,,
-37.145340751043115,,,,,,,,
-37.11404728789986,,,,,,,,
-37.08275382475661,,,,,,,,
-37.05146036161335,,,,,,,,
-37.020166898470094,,,,,,,,
-36.988873435326845,,,,,,,,
-36.95757997218359,,,,,,,,
-36.92628650904033,,,,,,,,
-36.89499304589708,,,,,,,,
-36.863699582753824,,,,,,,,
-36.83240611961057,,,,,,,,
-36.80111265646732,,,,,,,,
-36.76981919332406,,,,,,,,
-36.738525730180804,,,,,,,,
-36.707232267037554,,,,,,,,
-36.6759388038943,,,,,,,,
-36.64464534075104,,,,,,,,
-36.61335187760779,,,,,,,,
-36.582058414464534,,,,,,,,
-36.55076495132128,,,,,,,,
-36.51947148817803,,,,,,,,
-36.48817802503477,,,,,,,,
-36.45688456189151,,,,,,,,
-36.425591098748264,,,,,,,,
-36.39429763560501,,,,,,,,
-36.36300417246175,,,,,,,,
-36.3317107093185,,,,,,,,
-36.30041724617524,,,,,,,,
-36.269123783031986,,,,,,,,
-36.23783031988874,,,,,,,,
-36.20653685674548,,,,,,,,
-36.17524339360222,,,,,,,,
-36.14394993045897,,,,,,,,
-36.112656467315716,,,,,,,,
-36.08136300417246,,,,,,,,
-36.05006954102921,,,,,,,,
-36.01877607788595,,,,,,,,
-35.987482614742696,,,,,,,,
-35.956189151599446,,,,,,,,
-35.92489568845619,,,,,,,,
-35.89360222531293,,,,,,,,
-35.86230876216968,,,,,,,,
-35.831015299026426,,,,,,,,
-35.79972183588317,,,,,,,,
-35.76842837273992,,,,,,,,
-35.73713490959666,,,,,,,,
-35.705841446453405,,,,,,,,
-35.674547983310156,,,,,,,,
-35.6432545201669,,,,,,,,
-35.61196105702364,,,,,,,,
-35.58066759388039,,,,,,,,
-35.549374130737135,,,,,,,,
-35.51808066759388,,,,,,,,
-35.48678720445063,,,,,,,,
-35.45549374130737,,,,,,,,
-35.424200278164115,,,,,,,,
-35.392906815020865,,,,,,,,
-35.36161335187761,,,,,,,,
-35.33031988873435,,,,,,,,
-35.2990264255911,,,,,,,,
-35.267732962447845,,,,,,,,
-35.23643949930459,,,,,,,,
-35.20514603616134,,,,,,,,
-35.17385257301808,,,,,,,,
-35.142559109874824,,,,,,,,
-35.111265646731574,,,,,,,,
-35.07997218358832,,,,,,,,
-35.04867872044506,,,,,,,,
-35.01738525730181,,,,,,,,
-34.986091794158554,,,,,,,,
-34.9547983310153,,,,,,,,
-34.92350486787205,,,,,,,,
-34.89221140472879,,,,,,,,
-34.860917941585534,,,,,,,,
-34.829624478442284,,,,,,,,
-34.79833101529903,,,,,,,,
-34.76703755215577,,,,,,,,
-34.73574408901252,,,,,,,,
-34.70445062586926,,,,,,,,
-34.67315716272601,,,,,,,,
-34.64186369958276,,,,,,,,
-34.6105702364395,,,,,,,,
-34.57927677329624,,,,,,,,
-34.54798331015299,,,,,,,,
-34.51668984700974,,,,,,,,
-34.48539638386648,,,,,,,,
-34.45410292072323,,,,,,,,
-34.42280945757997,,,,,,,,
-34.391515994436716,,,,,,,,
-34.360222531293466,,,,,,,,
-34.32892906815021,,,,,,,,
-34.29763560500695,,,,,,,,
-34.2663421418637,,,,,,,,
-34.235048678720446,,,,,,,,
-34.20375521557719,,,,,,,,
-34.17246175243394,,,,,,,,
-34.14116828929068,,,,,,,,
-34.109874826147426,,,,,,,,
-34.078581363004176,,,,,,,,
-34.04728789986092,,,,,,,,
-34.01599443671766,,,,,,,,
-33.98470097357441,,,,,,,,
-33.953407510431155,,,,,,,,
-33.9221140472879,,,,,,,,
-33.89082058414465,,,,,,,,
-33.85952712100139,,,,,,,,
-33.828233657858135,,,,,,,,
-33.796940194714885,,,,,,,,
-33.76564673157163,,,,,,,,
-33.73435326842837,,,,,,,,
-33.70305980528512,,,,,,,,
-33.671766342141865,,,,,,,,
-33.64047287899861,,,,,,,,
-33.60917941585536,,,,,,,,
-33.5778859527121,,,,,,,,
-33.546592489568845,,,,,,,,
-33.515299026425595,,,,,,,,
-33.48400556328234,,,,,,,,
-33.45271210013908,,,,,,,,
-33.42141863699583,,,,,,,,
-33.390125173852574,,,,,,,,
-33.35883171070932,,,,,,,,
-33.32753824756607,,,,,,,,
-33.29624478442281,,,,,,,,
-33.264951321279554,,,,,,,,
-33.233657858136304,,,,,,,,
-33.20236439499305,,,,,,,,
-33.17107093184979,,,,,,,,
-33.13977746870654,,,,,,,,
-33.108484005563284,,,,,,,,
-33.07719054242003,,,,,,,,
-33.04589707927678,,,,,,,,
-33.01460361613352,,,,,,,,
-32.98331015299026,,,,,,,,
-32.952016689847014,,,,,,,,
-32.92072322670376,,,,,,,,
-32.8894297635605,,,,,,,,
-32.85813630041725,,,,,,,,
-32.82684283727399,,,,,,,,
-32.79554937413074,,,,,,,,
-32.76425591098748,,,,,,,,
-32.73296244784423,,,,,,,,
-32.70166898470097,,,,,,,,
-32.670375521557716,,,,,,,,
-32.639082058414466,,,,,,,,
-32.60778859527121,,,,,,,,
-32.57649513212795,,,,,,,,
-32.5452016689847,,,,,,,,
-32.513908205841446,,,,,,,,
-32.48261474269819,,,,,,,,
-32.45132127955494,,,,,,,,
-32.42002781641168,,,,,,,,
-32.388734353268426,,,,,,,,
-32.357440890125176,,,,,,,,
-32.32614742698192,,,,,,,,
-32.29485396383866,,,,,,,,
-32.26356050069541,,,,,,,,
-32.232267037552155,,,,,,,,
-32.2009735744089,,,,,,,,
-32.16968011126565,,,,,,,,
-32.13838664812239,,,,,,,,
-32.107093184979135,,,,,,,,
-32.075799721835885,,,,,,,,
-32.04450625869263,,,,,,,,
-32.01321279554937,,,,,,,,
-31.98191933240612,,,,,,,,
-31.950625869262865,,,,,,,,
-31.919332406119608,,,,,,,,
-31.888038942976358,,,,,,,,
-31.8567454798331,,,,,,,,
-31.825452016689844,,,,,,,,
-31.794158553546595,,,,,,,,
-31.762865090403338,,,,,,,,
-31.73157162726008,,,,,,,,
-31.70027816411683,,,,,,,,
-31.668984700973574,,,,,,,,
-31.637691237830317,,,,,,,,
-31.606397774687068,,,,,,,,
-31.57510431154381,,,,,,,,
-31.543810848400554,,,,,,,,
-31.512517385257304,,,,,,,,
-31.481223922114047,,,,,,,,
-31.44993045897079,,,,,,,,
-31.41863699582754,,,,,,,,
-31.387343532684284,,,,,,,,
-31.356050069541027,,,,,,,,
-31.324756606397777,,,,,,,,
-31.29346314325452,,,,,,,,
-31.262169680111263,,,,,,,,
-31.230876216968014,,,,,,,,
-31.199582753824757,,,,,,,,
-31.1682892906815,,,,,,,,
-31.13699582753825,,,,,,,,
-31.105702364394993,,,,,,,,
-31.074408901251736,,,,,,,,
-31.043115438108487,,,,,,,,
-31.01182197496523,,,,,,,,
-30.980528511821973,,,,,,,,
-30.949235048678723,,,,,,,,
-30.917941585535466,,,,,,,,
-30.88664812239221,,,,,,,,
-30.85535465924896,,,,,,,,
-30.824061196105703,,,,,,,,
-30.792767732962446,,,,,,,,
-30.761474269819196,,,,,,,,
-30.73018080667594,,,,,,,,
-30.698887343532682,,,,,,,,
-30.667593880389433,,,,,,,,
-30.636300417246176,,,,,,,,
-30.60500695410292,,,,,,,,
-30.57371349095967,,,,,,,,
-30.542420027816412,,,,,,,,
-30.511126564673155,,,,,,,,
-30.479833101529906,,,,,,,,
-30.44853963838665,,,,,,,,
-30.417246175243392,,,,,,,,
-30.385952712100142,,,,,,,,
-30.354659248956885,,,,,,,,
-30.32336578581363,,,,,,,,
-30.29207232267038,,,,,,,,
-30.26077885952712,,,,,,,,
-30.229485396383865,,,,,,,,
-30.198191933240615,,,,,,,,
-30.166898470097358,,,,,,,,
-30.1356050069541,,,,,,,,
-30.10431154381085,,,,,,,,
-30.073018080667595,,,,,,,,
-30.041724617524338,,,,,,,,
-30.010431154381088,,,,,,,,
-29.97913769123783,,,,,,,,
-29.947844228094574,,,,,,,,
-29.916550764951324,,,,,,,,
-29.885257301808068,,,,,,,,
-29.85396383866481,,,,,,,,
-29.82267037552156,,,,,,,,
-29.791376912378304,,,,,,,,
-29.760083449235047,,,,,,,,
-29.728789986091797,,,,,,,,
-29.69749652294854,,,,,,,,
-29.666203059805284,,,,,,,,
-29.634909596662034,,,,,,,,
-29.603616133518777,,,,,,,,
-29.57232267037552,,,,,,,,
-29.54102920723227,,,,,,,,
-29.509735744089014,,,,,,,,
-29.478442280945757,,,,,,,,
-29.447148817802507,,,,,,,,
-29.41585535465925,,,,,,,,
-29.384561891515993,,,,,,,,
-29.353268428372743,,,,,,,,
-29.321974965229487,,,,,,,,
-29.29068150208623,,,,,,,,
-29.25938803894298,,,,,,,,
-29.228094575799723,,,,,,,,
-29.196801112656466,,,,,,,,
-29.165507649513216,,,,,,,,
-29.13421418636996,,,,,,,,
-29.102920723226703,,,,,,,,
-29.071627260083453,,,,,,,,
-29.040333796940196,,,,,,,,
-29.00904033379694,,,,,,,,
-28.97774687065369,,,,,,,,
-28.946453407510432,,,,,,,,
-28.915159944367176,,,,,,,,
-28.883866481223926,,,,,,,,
-28.85257301808067,,,,,,,,
-28.821279554937412,,,,,,,,
-28.789986091794162,,,,,,,,
-28.758692628650905,,,,,,,,
-28.72739916550765,,,,,,,,
-28.6961057023644,,,,,,,,
-28.664812239221142,,,,,,,,
-28.633518776077885,,,,,,,,
-28.602225312934635,,,,,,,,
-28.57093184979138,,,,,,,,
-28.53963838664812,,,,,,,,
-28.508344923504872,,,,,,,,
-28.477051460361615,,,,,,,,
-28.445757997218358,,,,,,,,
-28.41446453407511,,,,,,,,
-28.38317107093185,,,,,,,,
-28.351877607788595,,,,,,,,
-28.320584144645345,,,,,,,,
-28.289290681502088,,,,,,,,
-28.25799721835883,,,,,,,,
-28.22670375521558,,,,,,,,
-28.195410292072324,,,,,,,,
-28.164116828929068,,,,,,,,
-28.13282336578581,,,,,,,,
-28.10152990264256,,,,,,,,
-28.070236439499304,,,,,,,,
-28.038942976356047,,,,,,,,
-28.007649513212797,,,,,,,,
-27.97635605006954,,,,,,,,
-27.945062586926284,,,,,,,,
-27.913769123783034,,,,,,,,
-27.882475660639777,,,,,,,,
-27.85118219749652,,,,,,,,
-27.81988873435327,,,,,,,,
-27.788595271210013,,,,,,,,
-27.757301808066757,,,,,,,,
-27.726008344923507,,,,,,,,
-27.69471488178025,,,,,,,,
-27.663421418636993,,,,,,,,
-27.632127955493743,,,,,,,,
-27.600834492350486,,,,,,,,
-27.56954102920723,,,,,,,,
-27.53824756606398,,,,,,,,
-27.506954102920723,,,,,,,,
-27.475660639777466,,,,,,,,
-27.444367176634216,,,,,,,,
-27.41307371349096,,,,,,,,
-27.381780250347703,,,,,,,,
-27.350486787204453,,,,,,,,
-27.319193324061196,,,,,,,,
-27.28789986091794,,,,,,,,
-27.25660639777469,,,,,,,,
-27.225312934631432,,,,,,,,
-27.194019471488176,,,,,,,,
-27.162726008344926,,,,,,,,
-27.13143254520167,,,,,,,,
-27.100139082058412,,,,,,,,
-27.068845618915162,,,,,,,,
-27.037552155771905,,,,,,,,
-27.00625869262865,,,,,,,,
-26.9749652294854,,,,,,,,
-26.943671766342142,,,,,,,,
-26.912378303198885,,,,,,,,
-26.881084840055635,,,,,,,,
-26.84979137691238,,,,,,,,
-26.81849791376912,,,,,,,,
-26.78720445062587,,,,,,,,
-26.755910987482615,,,,,,,,
-26.724617524339358,,,,,,,,
-26.69332406119611,,,,,,,,
-26.66203059805285,,,,,,,,
-26.630737134909594,,,,,,,,
-26.599443671766345,,,,,,,,
-26.568150208623088,,,,,,,,
-26.53685674547983,,,,,,,,
-26.50556328233658,,,,,,,,
-26.474269819193324,,,,,,,,
-26.442976356050067,,,,,,,,
-26.411682892906818,,,,,,,,
-26.38038942976356,,,,,,,,
-26.349095966620304,,,,,,,,
-26.317802503477054,,,,,,,,
-26.286509040333797,,,,,,,,
-26.25521557719054,,,,,,,,
-26.22392211404729,,,,,,,,
-26.192628650904034,,,,,,,,
-26.161335187760777,,,,,,,,
-26.130041724617527,,,,,,,,
-26.09874826147427,,,,,,,,
-26.067454798331013,,,,,,,,
-26.036161335187764,,,,,,,,
-26.004867872044507,,,,,,,,
-25.973574408901257,,,,,,,,
-25.942280945758,,,,,,,,
-25.910987482614743,,,,,,,,
-25.879694019471486,,,,,,,,
-25.84840055632823,,,,,,,,
-25.817107093184973,,,,,,,,
-25.78581363004173,,,,,,,,
-25.754520166898473,,,,,,,,
-25.723226703755216,,,,,,,,
-25.69193324061196,,,,,,,,
-25.660639777468703,,,,,,,,
-25.629346314325446,,,,,,,,
-25.598052851182203,,,,,,,,
-25.566759388038946,,,,,,,,
-25.53546592489569,,,,,,,,
-25.504172461752432,,,,,,,,
-25.472878998609175,,,,,,,,
-25.44158553546592,,,,,,,,
-25.410292072322676,,,,,,,,
-25.37899860917942,,,,,,,,
-25.347705146036162,,,,,,,,
-25.316411682892905,,,,,,,,
-25.28511821974965,,,,,,,,
-25.25382475660639,,,,,,,,
-25.22253129346315,,,,,,,,
-25.191237830319892,,,,,,,,
-25.159944367176635,,,,,,,,
-25.12865090403338,,,,,,,,
-25.09735744089012,,,,,,,,
-25.066063977746865,,,,,,,,
-25.034770514603622,,,,,,,,
-25.003477051460365,,,,,,,,
-24.972183588317108,,,,,,,,
-24.94089012517385,,,,,,,,
-24.909596662030594,,,,,,,,
-24.878303198887338,,,,,,,,
-24.847009735744095,,,,,,,,
-24.815716272600838,,,,,,,,
-24.78442280945758,,,,,,,,
-24.753129346314324,,,,,,,,
-24.721835883171067,,,,,,,,
-24.69054242002781,,,,,,,,
-24.659248956884568,,,,,,,,
-24.62795549374131,,,,,,,,
-24.596662030598054,,,,,,,,
-24.565368567454797,,,,,,,,
-24.53407510431154,,,,,,,,
-24.502781641168283,,,,,,,,
-24.47148817802504,,,,,,,,
-24.440194714881784,,,,,,,,
-24.408901251738527,,,,,,,,
-24.37760778859527,,,,,,,,
-24.346314325452013,,,,,,,,
-24.315020862308756,,,,,,,,
-24.283727399165514,,,,,,,,
-24.252433936022257,,,,,,,,
-24.221140472879,,,,,,,,
-24.189847009735743,,,,,,,,
-24.158553546592486,,,,,,,,
-24.12726008344923,,,,,,,,
-24.095966620305987,,,,,,,,
-24.06467315716273,,,,,,,,
-24.033379694019473,,,,,,,,
-24.002086230876216,,,,,,,,
-23.97079276773296,,,,,,,,
-23.939499304589702,,,,,,,,
-23.90820584144646,,,,,,,,
-23.876912378303203,,,,,,,,
-23.845618915159946,,,,,,,,
-23.81432545201669,,,,,,,,
-23.783031988873432,,,,,,,,
-23.751738525730175,,,,,,,,
-23.720445062586933,,,,,,,,
-23.689151599443676,,,,,,,,
-23.65785813630042,,,,,,,,
-23.626564673157162,,,,,,,,
-23.595271210013905,,,,,,,,
-23.56397774687065,,,,,,,,
-23.532684283727406,,,,,,,,
-23.50139082058415,,,,,,,,
-23.470097357440892,,,,,,,,
-23.438803894297635,,,,,,,,
-23.40751043115438,,,,,,,,
-23.37621696801112,,,,,,,,
-23.34492350486788,,,,,,,,
-23.313630041724622,,,,,,,,
-23.282336578581365,,,,,,,,
-23.251043115438108,,,,,,,,
-23.21974965229485,,,,,,,,
-23.188456189151594,,,,,,,,
-23.15716272600835,,,,,,,,
-23.125869262865095,,,,,,,,
-23.094575799721838,,,,,,,,
-23.06328233657858,,,,,,,,
-23.031988873435324,,,,,,,,
-23.000695410292067,,,,,,,,
-22.969401947148825,,,,,,,,
-22.938108484005568,,,,,,,,
-22.90681502086231,,,,,,,,
-22.875521557719054,,,,,,,,
-22.844228094575797,,,,,,,,
-22.81293463143254,,,,,,,,
-22.781641168289298,,,,,,,,
-22.75034770514604,,,,,,,,
-22.719054242002784,,,,,,,,
-22.687760778859527,,,,,,,,
-22.65646731571627,,,,,,,,
-22.625173852573013,,,,,,,,
-22.59388038942977,,,,,,,,
-22.562586926286514,,,,,,,,
-22.531293463143257,,,,,,,,
-22.5,,,,,,,,
-22.468706536856743,,,,,,,,
-22.437413073713486,,,,,,,,
-22.406119610570244,,,,,,,,
-22.374826147426987,,,,,,,,
-22.34353268428373,,,,,,,,
-22.312239221140473,,,,,,,,
-22.280945757997216,,,,,,,,
-22.24965229485396,,,,,,,,
-22.218358831710717,,,,,,,,
-22.18706536856746,,,,,,,,
-22.155771905424203,,,,,,,,
-22.124478442280946,,,,,,,,
-22.09318497913769,,,,,,,,
-22.061891515994432,,,,,,,,
-22.03059805285119,,,,,,,,
-21.999304589707933,,,,,,,,
-21.968011126564676,,,,,,,,
-21.93671766342142,,,,,,,,
-21.905424200278162,,,,,,,,
-21.874130737134905,,,,,,,,
-21.842837273991663,,,,,,,,
-21.811543810848406,,,,,,,,
-21.78025034770515,,,,,,,,
-21.748956884561892,,,,,,,,
-21.717663421418635,,,,,,,,
-21.686369958275378,,,,,,,,
-21.655076495132136,,,,,,,,
-21.62378303198888,,,,,,,,
-21.59248956884562,,,,,,,,
-21.561196105702365,,,,,,,,
-21.529902642559108,,,,,,,,
-21.49860917941585,,,,,,,,
-21.46731571627261,,,,,,,,
-21.43602225312935,,,,,,,,
-21.404728789986095,,,,,,,,
-21.373435326842838,,,,,,,,
-21.34214186369958,,,,,,,,
-21.310848400556324,,,,,,,,
-21.279554937413067,,,,,,,,
-21.248261474269825,,,,,,,,
-21.216968011126568,,,,,,,,
-21.18567454798331,,,,,,,,
-21.154381084840054,,,,,,,,
-21.123087621696797,,,,,,,,
-21.09179415855354,,,,,,,,
-21.060500695410298,,,,,,,,
-21.02920723226704,,,,,,,,
-20.997913769123784,,,,,,,,
-20.966620305980527,,,,,,,,
-20.93532684283727,,,,,,,,
-20.904033379694013,,,,,,,,
-20.87273991655077,,,,,,,,
-20.841446453407514,,,,,,,,
-20.810152990264257,,,,,,,,
-20.778859527121,,,,,,,,
-20.747566063977743,,,,,,,,
-20.716272600834486,,,,,,,,
-20.684979137691244,,,,,,,,
-20.653685674547987,,,,,,,,
-20.62239221140473,,,,,,,,
-20.591098748261473,,,,,,,,
-20.559805285118216,,,,,,,,
-20.52851182197496,,,,,,,,
-20.497218358831717,,,,,,,,
-20.46592489568846,,,,,,,,
-20.434631432545203,,,,,,,,
-20.403337969401946,,,,,,,,
-20.37204450625869,,,,,,,,
-20.340751043115432,,,,,,,,
-20.30945757997219,,,,,,,,
-20.278164116828933,,,,,,,,
-20.246870653685676,,,,,,,,
-20.21557719054242,,,,,,,,
-20.184283727399162,,,,,,,,
-20.152990264255905,,,,,,,,
-20.121696801112662,,,,,,,,
-20.090403337969406,,,,,,,,
-20.05910987482615,,,,,,,,
-20.027816411682892,,,,,,,,
-19.996522948539635,,,,,,,,
-19.965229485396378,,,,,,,,
-19.933936022253135,,,,,,,,
-19.90264255910988,,,,,,,,
-19.87134909596662,,,,,,,,
-19.840055632823365,,,,,,,,
-19.808762169680108,,,,,,,,
-19.77746870653685,,,,,,,,
-19.74617524339361,,,,,,,,
-19.71488178025035,,,,,,,,
-19.683588317107095,,,,,,,,
-19.652294853963838,,,,,,,,
-19.62100139082058,,,,,,,,
-19.589707927677324,,,,,,,,
-19.55841446453408,,,,,,,,
-19.527121001390825,,,,,,,,
-19.495827538247568,,,,,,,,
-19.46453407510431,,,,,,,,
-19.433240611961054,,,,,,,,
-19.401947148817797,,,,,,,,
-19.370653685674554,,,,,,,,
-19.339360222531297,,,,,,,,
-19.30806675938804,,,,,,,,
-19.276773296244784,,,,,,,,
-19.245479833101527,,,,,,,,
-19.21418636995827,,,,,,,,
-19.182892906815027,,,,,,,,
-19.15159944367177,,,,,,,,
-19.120305980528514,,,,,,,,
-19.089012517385257,,,,,,,,
-19.057719054242,,,,,,,,
-19.026425591098743,,,,,,,,
-18.9951321279555,,,,,,,,
-18.963838664812243,,,,,,,,
-18.932545201668987,,,,,,,,
-18.90125173852573,,,,,,,,
-18.869958275382473,,,,,,,,
-18.838664812239216,,,,,,,,
-18.807371349095973,,,,,,,,
-18.776077885952716,,,,,,,,
-18.74478442280946,,,,,,,,
-18.713490959666203,,,,,,,,
-18.682197496522946,,,,,,,,
-18.65090403337969,,,,,,,,
-18.619610570236446,,,,,,,,
-18.58831710709319,,,,,,,,
-18.557023643949933,,,,,,,,
-18.525730180806676,,,,,,,,
-18.49443671766342,,,,,,,,
-18.463143254520162,,,,,,,,
-18.43184979137692,,,,,,,,
-18.400556328233662,,,,,,,,
-18.369262865090406,,,,,,,,
-18.33796940194715,,,,,,,,
-18.30667593880389,,,,,,,,
-18.275382475660635,,,,,,,,
-18.244089012517392,,,,,,,,
-18.212795549374135,,,,,,,,
-18.18150208623088,,,,,,,,
-18.15020862308762,,,,,,,,
-18.118915159944365,,,,,,,,
-18.087621696801108,,,,,,,,
-18.056328233657865,,,,,,,,
-18.02503477051461,,,,,,,,
-17.99374130737135,,,,,,,,
-17.962447844228095,,,,,,,,
-17.931154381084838,,,,,,,,
-17.89986091794158,,,,,,,,
-17.868567454798338,,,,,,,,
-17.83727399165508,,,,,,,,
-17.805980528511824,,,,,,,,
-17.774687065368568,,,,,,,,
-17.74339360222531,,,,,,,,
-17.712100139082054,,,,,,,,
-17.68080667593881,,,,,,,,
-17.649513212795554,,,,,,,,
-17.618219749652297,,,,,,,,
-17.58692628650904,,,,,,,,
-17.555632823365784,,,,,,,,
-17.524339360222527,,,,,,,,
-17.493045897079284,,,,,,,,
-17.461752433936027,,,,,,,,
-17.43045897079277,,,,,,,,
-17.399165507649514,,,,,,,,
-17.367872044506257,,,,,,,,
-17.336578581363,,,,,,,,
-17.305285118219757,,,,,,,,
-17.2739916550765,,,,,,,,
-17.242698191933243,,,,,,,,
-17.211404728789987,,,,,,,,
-17.18011126564673,,,,,,,,
-17.148817802503473,,,,,,,,
-17.11752433936023,,,,,,,,
-17.086230876216973,,,,,,,,
-17.054937413073716,,,,,,,,
-17.02364394993046,,,,,,,,
-16.992350486787203,,,,,,,,
-16.961057023643946,,,,,,,,
-16.929763560500703,,,,,,,,
-16.898470097357446,,,,,,,,
-16.86717663421419,,,,,,,,
-16.835883171070932,,,,,,,,
-16.804589707927676,,,,,,,,
-16.77329624478442,,,,,,,,
-16.742002781641162,,,,,,,,
-16.71070931849792,,,,,,,,
-16.679415855354662,,,,,,,,
-16.648122392211405,,,,,,,,
-16.61682892906815,,,,,,,,
-16.58553546592489,,,,,,,,
-16.554242002781635,,,,,,,,
-16.522948539638392,,,,,,,,
-16.491655076495135,,,,,,,,
-16.46036161335188,,,,,,,,
-16.42906815020862,,,,,,,,
-16.397774687065365,,,,,,,,
-16.366481223922108,,,,,,,,
-16.335187760778865,,,,,,,,
-16.30389429763561,,,,,,,,
-16.27260083449235,,,,,,,,
-16.241307371349095,,,,,,,,
-16.210013908205838,,,,,,,,
-16.17872044506258,,,,,,,,
-16.147426981919338,,,,,,,,
-16.11613351877608,,,,,,,,
-16.084840055632824,,,,,,,,
-16.053546592489568,,,,,,,,
-16.02225312934631,,,,,,,,
-15.990959666203054,,,,,,,,
-15.959666203059811,,,,,,,,
-15.928372739916554,,,,,,,,
-15.897079276773297,,,,,,,,
-15.86578581363004,,,,,,,,
-15.834492350486784,,,,,,,,
-15.803198887343527,,,,,,,,
-15.771905424200284,,,,,,,,
-15.740611961057027,,,,,,,,
-15.70931849791377,,,,,,,,
-15.678025034770513,,,,,,,,
-15.646731571627257,,,,,,,,
-15.615438108484,,,,,,,,
-15.584144645340757,,,,,,,,
-15.5528511821975,,,,,,,,
-15.521557719054243,,,,,,,,
-15.490264255910986,,,,,,,,
-15.45897079276773,,,,,,,,
-15.427677329624473,,,,,,,,
-15.39638386648123,,,,,,,,
-15.365090403337973,,,,,,,,
-15.333796940194716,,,,,,,,
-15.30250347705146,,,,,,,,
-15.271210013908203,,,,,,,,
-15.239916550764946,,,,,,,,
-15.208623087621703,,,,,,,,
-15.177329624478446,,,,,,,,
-15.14603616133519,,,,,,,,
-15.114742698191932,,,,,,,,
-15.083449235048676,,,,,,,,
-15.052155771905419,,,,,,,,
-15.020862308762176,,,,,,,,
-14.98956884561892,,,,,,,,
-14.958275382475662,,,,,,,,
-14.926981919332405,,,,,,,,
-14.895688456189148,,,,,,,,
-14.864394993045892,,,,,,,,
-14.833101529902649,,,,,,,,
-14.801808066759392,,,,,,,,
-14.770514603616135,,,,,,,,
-14.739221140472878,,,,,,,,
-14.707927677329621,,,,,,,,
-14.676634214186365,,,,,,,,
-14.645340751043122,,,,,,,,
-14.614047287899865,,,,,,,,
-14.582753824756608,,,,,,,,
-14.551460361613351,,,,,,,,
-14.520166898470094,,,,,,,,
-14.488873435326838,,,,,,,,
-14.457579972183595,,,,,,,,
-14.426286509040338,,,,,,,,
-14.394993045897081,,,,,,,,
-14.363699582753824,,,,,,,,
-14.332406119610567,,,,,,,,
-14.30111265646731,,,,,,,,
-14.269819193324068,,,,,,,,
-14.238525730180811,,,,,,,,
-14.207232267037554,,,,,,,,
-14.175938803894297,,,,,,,,
-14.14464534075104,,,,,,,,
-14.113351877607784,,,,,,,,
-14.08205841446454,,,,,,,,
-14.050764951321284,,,,,,,,
-14.019471488178027,,,,,,,,
-13.98817802503477,,,,,,,,
-13.956884561891513,,,,,,,,
-13.925591098748257,,,,,,,,
-13.894297635605014,,,,,,,,
-13.863004172461757,,,,,,,,
-13.8317107093185,,,,,,,,
-13.800417246175243,,,,,,,,
-13.769123783031986,,,,,,,,
-13.73783031988873,,,,,,,,
-13.706536856745487,,,,,,,,
-13.67524339360223,,,,,,,,
-13.643949930458973,,,,,,,,
-13.612656467315716,,,,,,,,
-13.58136300417246,,,,,,,,
-13.550069541029202,,,,,,,,
-13.51877607788596,,,,,,,,
-13.487482614742703,,,,,,,,
-13.456189151599446,,,,,,,,
-13.42489568845619,,,,,,,,
-13.393602225312932,,,,,,,,
-13.362308762169675,,,,,,,,
-13.331015299026433,,,,,,,,
-13.299721835883176,,,,,,,,
-13.268428372739919,,,,,,,,
-13.237134909596662,,,,,,,,
-13.205841446453405,,,,,,,,
-13.174547983310148,,,,,,,,
-13.143254520166906,,,,,,,,
-13.111961057023649,,,,,,,,
-13.080667593880392,,,,,,,,
-13.049374130737135,,,,,,,,
-13.018080667593878,,,,,,,,
-12.986787204450621,,,,,,,,
-12.955493741307379,,,,,,,,
-12.924200278164122,,,,,,,,
-12.892906815020865,,,,,,,,
-12.861613351877608,,,,,,,,
-12.830319888734351,,,,,,,,
-12.799026425591094,,,,,,,,
-12.767732962447852,,,,,,,,
-12.736439499304595,,,,,,,,
-12.705146036161338,,,,,,,,
-12.673852573018081,,,,,,,,
-12.642559109874824,,,,,,,,
-12.611265646731567,,,,,,,,
-12.579972183588325,,,,,,,,
-12.548678720445068,,,,,,,,
-12.517385257301811,,,,,,,,
-12.486091794158554,,,,,,,,
-12.454798331015297,,,,,,,,
-12.42350486787204,,,,,,,,
-12.392211404728798,,,,,,,,
-12.36091794158554,,,,,,,,
-12.329624478442284,,,,,,,,
-12.298331015299027,,,,,,,,
-12.26703755215577,,,,,,,,
-12.235744089012513,,,,,,,,
-12.20445062586927,,,,,,,,
-12.173157162726014,,,,,,,,
-12.141863699582757,,,,,,,,
-12.1105702364395,,,,,,,,
-12.079276773296243,,,,,,,,
-12.047983310152986,,,,,,,,
-12.01668984700973,,,,,,,,
-11.985396383866487,,,,,,,,
-11.95410292072323,,,,,,,,
-11.922809457579973,,,,,,,,
-11.891515994436716,,,,,,,,
-11.86022253129346,,,,,,,,
-11.828929068150202,,,,,,,,
-11.79763560500696,,,,,,,,
-11.766342141863703,,,,,,,,
-11.735048678720446,,,,,,,,
-11.70375521557719,,,,,,,,
-11.672461752433932,,,,,,,,
-11.641168289290675,,,,,,,,
-11.609874826147433,,,,,,,,
-11.578581363004176,,,,,,,,
-11.547287899860919,,,,,,,,
-11.515994436717662,,,,,,,,
-11.484700973574405,,,,,,,,
-11.453407510431148,,,,,,,,
-11.422114047287906,,,,,,,,
-11.390820584144649,,,,,,,,
-11.359527121001392,,,,,,,,
-11.328233657858135,,,,,,,,
-11.296940194714878,,,,,,,,
-11.265646731571621,,,,,,,,
-11.234353268428379,,,,,,,,
-11.203059805285122,,,,,,,,
-11.171766342141865,,,,,,,,
-11.140472878998608,,,,,,,,
-11.109179415855351,,,,,,,,
-11.077885952712094,,,,,,,,
-11.046592489568852,,,,,,,,
-11.015299026425595,,,,,,,,
-10.984005563282338,,,,,,,,
-10.952712100139081,,,,,,,,
-10.921418636995824,,,,,,,,
-10.890125173852567,,,,,,,,
-10.858831710709325,,,,,,,,
-10.827538247566068,,,,,,,,
-10.79624478442281,,,,,,,,
-10.764951321279554,,,,,,,,
-10.733657858136297,,,,,,,,
-10.70236439499304,,,,,,,,
-10.671070931849798,,,,,,,,
-10.63977746870654,,,,,,,,
-10.608484005563284,,,,,,,,
-10.577190542420027,,,,,,,,
-10.54589707927677,,,,,,,,
-10.514603616133513,,,,,,,,
-10.48331015299027,,,,,,,,
-10.452016689847014,,,,,,,,
-10.420723226703757,,,,,,,,
-10.3894297635605,,,,,,,,
-10.358136300417243,,,,,,,,
-10.326842837273986,,,,,,,,
-10.295549374130744,,,,,,,,
-10.264255910987487,,,,,,,,
-10.23296244784423,,,,,,,,
-10.201668984700973,,,,,,,,
-10.170375521557716,,,,,,,,
-10.13908205841446,,,,,,,,
-10.107788595271217,,,,,,,,
-10.07649513212796,,,,,,,,
-10.045201668984703,,,,,,,,
-10.013908205841446,,,,,,,,
-9.982614742698189,,,,,,,,
-9.951321279554932,,,,,,,,
-9.92002781641169,,,,,,,,
-9.888734353268433,,,,,,,,
-9.857440890125176,,,,,,,,
-9.826147426981919,,,,,,,,
-9.794853963838662,,,,,,,,
-9.763560500695405,,,,,,,,
-9.732267037552162,,,,,,,,
-9.700973574408906,,,,,,,,
-9.669680111265649,,,,,,,,
-9.638386648122392,,,,,,,,
-9.607093184979135,,,,,,,,
-9.575799721835878,,,,,,,,
-9.544506258692635,,,,,,,,
-9.513212795549379,,,,,,,,
-9.481919332406122,,,,,,,,
-9.450625869262865,,,,,,,,
-9.419332406119608,,,,,,,,
-9.388038942976351,,,,,,,,
-9.356745479833108,,,,,,,,
-9.325452016689852,,,,,,,,
-9.294158553546595,,,,,,,,
-9.262865090403338,,,,,,,,
-9.231571627260081,,,,,,,,
-9.200278164116824,,,,,,,,
-9.168984700973581,,,,,,,,
-9.137691237830325,,,,,,,,
-9.106397774687068,,,,,,,,
-9.07510431154381,,,,,,,,
-9.043810848400554,,,,,,,,
-9.012517385257297,,,,,,,,
-8.981223922114054,,,,,,,,
-8.949930458970798,,,,,,,,
-8.91863699582754,,,,,,,,
-8.887343532684284,,,,,,,,
-8.856050069541027,,,,,,,,
-8.82475660639777,,,,,,,,
-8.793463143254527,,,,,,,,
-8.76216968011127,,,,,,,,
-8.730876216968014,,,,,,,,
-8.699582753824757,,,,,,,,
-8.6682892906815,,,,,,,,
-8.636995827538243,,,,,,,,
-8.605702364395,,,,,,,,
-8.574408901251743,,,,,,,,
-8.543115438108487,,,,,,,,
-8.51182197496523,,,,,,,,
-8.480528511821973,,,,,,,,
-8.449235048678716,,,,,,,,
-8.417941585535473,,,,,,,,
-8.386648122392216,,,,,,,,
-8.35535465924896,,,,,,,,
-8.324061196105703,,,,,,,,
-8.292767732962446,,,,,,,,
-8.261474269819189,,,,,,,,
-8.230180806675946,,,,,,,,
-8.19888734353269,,,,,,,,
-8.167593880389433,,,,,,,,
-8.136300417246176,,,,,,,,
-8.105006954102919,,,,,,,,
-8.073713490959662,,,,,,,,
-8.04242002781642,,,,,,,,
-8.011126564673162,,,,,,,,
-7.9798331015299055,,,,,,,,
-7.948539638386649,,,,,,,,
-7.917246175243392,,,,,,,,
-7.885952712100135,,,,,,,,
-7.854659248956892,,,,,,,,
-7.823365785813635,,,,,,,,
-7.7920723226703785,,,,,,,,
-7.760778859527122,,,,,,,,
-7.729485396383865,,,,,,,,
-7.698191933240608,,,,,,,,
-7.666898470097365,,,,,,,,
-7.635605006954108,,,,,,,,
-7.6043115438108515,,,,,,,,
-7.573018080667595,,,,,,,,
-7.541724617524338,,,,,,,,
-7.510431154381081,,,,,,,,
-7.479137691237824,,,,,,,,
-7.447844228094581,,,,,,,,
-7.4165507649513245,,,,,,,,
-7.385257301808068,,,,,,,,
-7.353963838664811,,,,,,,,
-7.322670375521554,,,,,,,,
-7.291376912378297,,,,,,,,
-7.260083449235054,,,,,,,,
-7.2287899860917975,,,,,,,,
-7.197496522948541,,,,,,,,
-7.166203059805284,,,,,,,,
-7.134909596662027,,,,,,,,
-7.10361613351877,,,,,,,,
-7.072322670375527,,,,,,,,
-7.04102920723227,,,,,,,,
-7.009735744089014,,,,,,,,
-6.978442280945757,,,,,,,,
-6.9471488178025,,,,,,,,
-6.915855354659243,,,,,,,,
-6.884561891516,,,,,,,,
-6.853268428372743,,,,,,,,
-6.8219749652294865,,,,,,,,
-6.79068150208623,,,,,,,,
-6.759388038942973,,,,,,,,
-6.728094575799716,,,,,,,,
-6.696801112656473,,,,,,,,
-6.665507649513216,,,,,,,,
-6.6342141863699595,,,,,,,,
-6.602920723226703,,,,,,,,
-6.571627260083446,,,,,,,,
-6.540333796940189,,,,,,,,
-6.509040333796946,,,,,,,,
-6.477746870653689,,,,,,,,
-6.4464534075104325,,,,,,,,
-6.415159944367176,,,,,,,,
-6.383866481223919,,,,,,,,
-6.352573018080662,,,,,,,,
-6.321279554937419,,,,,,,,
-6.289986091794162,,,,,,,,
-6.2586926286509055,,,,,,,,
-6.227399165507649,,,,,,,,
-6.196105702364392,,,,,,,,
-6.164812239221135,,,,,,,,
-6.133518776077892,,,,,,,,
-6.102225312934635,,,,,,,,
-6.0709318497913785,,,,,,,,
-6.039638386648122,,,,,,,,
-6.008344923504865,,,,,,,,
-5.977051460361608,,,,,,,,
-5.945757997218365,,,,,,,,
-5.914464534075108,,,,,,,,
-5.883171070931851,,,,,,,,
-5.851877607788595,,,,,,,,
-5.820584144645338,,,,,,,,
-5.789290681502081,,,,,,,,
-5.757997218358838,,,,,,,,
-5.726703755215581,,,,,,,,
-5.695410292072324,,,,,,,,
-5.6641168289290675,,,,,,,,
-5.632823365785811,,,,,,,,
-5.601529902642554,,,,,,,,
-5.570236439499311,,,,,,,,
-5.538942976356054,,,,,,,,
-5.507649513212797,,,,,,,,
-5.4763560500695405,,,,,,,,
-5.445062586926284,,,,,,,,
-5.413769123783027,,,,,,,,
-5.382475660639784,,,,,,,,
-5.351182197496527,,,,,,,,
-5.31988873435327,,,,,,,,
-5.2885952712100135,,,,,,,,
-5.257301808066757,,,,,,,,
-5.2260083449235,,,,,,,,
-5.194714881780257,,,,,,,,
-5.163421418637,,,,,,,,
-5.132127955493743,,,,,,,,
-5.1008344923504865,,,,,,,,
-5.06954102920723,,,,,,,,
-5.038247566063973,,,,,,,,
-5.00695410292073,,,,,,,,
-4.975660639777473,,,,,,,,
-4.944367176634216,,,,,,,,
-4.9130737134909594,,,,,,,,
-4.881780250347703,,,,,,,,
-4.850486787204446,,,,,,,,
-4.819193324061203,,,,,,,,
-4.787899860917946,,,,,,,,
-4.756606397774689,,,,,,,,
-4.725312934631432,,,,,,,,
-4.6940194714881756,,,,,,,,
-4.662726008344919,,,,,,,,
-4.631432545201676,,,,,,,,
-4.600139082058419,,,,,,,,
-4.568845618915162,,,,,,,,
-4.537552155771905,,,,,,,,
-4.5062586926286485,,,,,,,,
-4.474965229485392,,,,,,,,
-4.443671766342149,,,,,,,,
-4.412378303198892,,,,,,,,
-4.381084840055635,,,,,,,,
-4.349791376912378,,,,,,,,
-4.3184979137691215,,,,,,,,
-4.287204450625865,,,,,,,,
-4.255910987482622,,,,,,,,
-4.224617524339365,,,,,,,,
-4.193324061196108,,,,,,,,
-4.162030598052851,,,,,,,,
-4.1307371349095945,,,,,,,,
-4.099443671766338,,,,,,,,
-4.068150208623095,,,,,,,,
-4.036856745479838,,,,,,,,
-4.005563282336581,,,,,,,,
-3.9742698191933243,,,,,,,,
-3.9429763560500675,,,,,,,,
-3.9116828929068106,,,,,,,,
-3.880389429763568,,,,,,,,
-3.849095966620311,,,,,,,,
-3.817802503477054,,,,,,,,
-3.7865090403337973,,,,,,,,
-3.7552155771905404,,,,,,,,
-3.7239221140472836,,,,,,,,
-3.692628650904041,,,,,,,,
-3.661335187760784,,,,,,,,
-3.630041724617527,,,,,,,,
-3.5987482614742703,,,,,,,,
-3.5674547983310134,,,,,,,,
-3.5361613351877565,,,,,,,,
-3.504867872044514,,,,,,,,
-3.473574408901257,,,,,,,,
-3.442280945758,,,,,,,,
-3.4109874826147433,,,,,,,,
-3.3796940194714864,,,,,,,,
-3.3484005563282295,,,,,,,,
-3.317107093184987,,,,,,,,
-3.28581363004173,,,,,,,,
-3.254520166898473,,,,,,,,
-3.2232267037552162,,,,,,,,
-3.1919332406119594,,,,,,,,
-3.1606397774687025,,,,,,,,
-3.12934631432546,,,,,,,,
-3.098052851182203,,,,,,,,
-3.066759388038946,,,,,,,,
-3.0354659248956892,,,,,,,,
-3.0041724617524324,,,,,,,,
-2.9728789986091755,,,,,,,,
-2.9415855354659186,,,,,,,,
-2.910292072322676,,,,,,,,
-2.878998609179419,,,,,,,,
-2.847705146036162,,,,,,,,
-2.8164116828929053,,,,,,,,
-2.7851182197496485,,,,,,,,
-2.7538247566063916,,,,,,,,
-2.722531293463149,,,,,,,,
-2.691237830319892,,,,,,,,
-2.659944367176635,,,,,,,,
-2.6286509040333783,,,,,,,,
-2.5973574408901214,,,,,,,,
-2.5660639777468646,,,,,,,,
-2.534770514603622,,,,,,,,
-2.503477051460365,,,,,,,,
-2.472183588317108,,,,,,,,
-2.4408901251738513,,,,,,,,
-2.4095966620305944,,,,,,,,
-2.3783031988873375,,,,,,,,
-2.347009735744095,,,,,,,,
-2.315716272600838,,,,,,,,
-2.284422809457581,,,,,,,,
-2.2531293463143243,,,,,,,,
-2.2218358831710674,,,,,,,,
-2.1905424200278105,,,,,,,,
-2.159248956884568,,,,,,,,
-2.127955493741311,,,,,,,,
-2.096662030598054,,,,,,,,
-2.0653685674547972,,,,,,,,
-2.0340751043115404,,,,,,,,
-2.0027816411682835,,,,,,,,
-1.9714881780250408,,,,,,,,
-1.940194714881784,,,,,,,,
-1.908901251738527,,,,,,,,
-1.8776077885952702,,,,,,,,
-1.8463143254520133,,,,,,,,
-1.8150208623087565,,,,,,,,
-1.7837273991655138,,,,,,,,
-1.752433936022257,,,,,,,,
-1.721140472879,,,,,,,,
-1.6898470097357432,,,,,,,,
-1.6585535465924863,,,,,,,,
-1.6272600834492295,,,,,,,,
-1.5959666203059868,,,,,,,,
-1.56467315716273,,,,,,,,
-1.533379694019473,,,,,,,,
-1.5020862308762162,,,,,,,,
-1.4707927677329593,,,,,,,,
-1.4394993045897024,,,,,,,,
-1.4082058414464598,,,,,,,,
-1.376912378303203,,,,,,,,
-1.345618915159946,,,,,,,,
-1.3143254520166892,,,,,,,,
-1.2830319888734323,,,,,,,,
-1.2517385257301754,,,,,,,,
-1.2204450625869327,,,,,,,,
-1.1891515994436759,,,,,,,,
-1.157858136300419,,,,,,,,
-1.1265646731571621,,,,,,,,
-1.0952712100139053,,,,,,,,
-1.0639777468706484,,,,,,,,
-1.0326842837274057,,,,,,,,
-1.0013908205841489,,,,,,,,
-0.970097357440892,,,,,,,,
-0.9388038942976351,,,,,,,,
-0.9075104311543782,,,,,,,,
-0.8762169680111214,,,,,,,,
-0.8449235048678787,,,,,,,,
-0.8136300417246218,,,,,,,,
-0.782336578581365,,,,,,,,
-0.7510431154381081,,,,,,,,
-0.7197496522948512,,,,,,,,
-0.6884561891515943,,,,,,,,
-0.6571627260083517,,,,,,,,
-0.6258692628650948,,,,,,,,
-0.5945757997218379,,,,,,,,
-0.5632823365785811,,,,,,,,
-0.5319888734353242,,,,,,,,
-0.5006954102920673,,,,,,,,
-0.46940194714882466,,,,,,,,
-0.4381084840055678,,,,,,,,
-0.4068150208623109,,,,,,,,
-0.37552155771905404,,,,,,,,
-0.34422809457579717,,,,,,,,
-0.3129346314325403,,,,,,,,
-0.28164116828929764,,,,,,,,
-0.25034770514604077,,,,,,,,
-0.2190542420027839,,,,,,,,
-0.18776077885952702,,,,,,,,
-0.15646731571627015,,,,,,,,
-0.12517385257301328,,,,,,,,
-0.09388038942977062,,,,,,,,
-0.06258692628651374,,,,,,,,
-0.03129346314325687,,,,,,,,
0.0,,,,,,,,
